id_orden_municip,id_nodo_prbd,nomenclatura_redgto,nombre_nodo,tipo_nodo,ip_nodo,rango_nodo,clave,fecha_operacion_nodo,id_comunidad,comunidad,id_comunidad_inegi,id_municipio,municipio,longitud,latitud,clave_nodo,direccion,codigo_postal
163,1,REDGTO-SAL-MO-00001,Cárdenas,Publico,10.0.14.5,192.168.5,NP-SAL-110270043-01,2013,6798,Cárdenas,110270043,1027,Salamanca,20.6.270.409,-1.012.189.026,2,"Calle Benito Juárez, El Fuerte, 36877 Salamanca, GUA, México",36877
164,2,REDGTO-SAL-MO-00002,Unión de Liebres,Publico,10.0.5.1,10.0.5,NP-SAL-110270236-01,2013,6940,Unión de Liebres (Las Conejas),110270236,1027,Salamanca,20.6425018,-101.1829987,2,"Calle Benito Juárez, Union De Liebres, 36873 Salamanca, GUA, México",36873
165,3,REDGTO-SAL-MO-00003,Recuerdo de Ancón,Publico,10.0.6.3,192.168.6,NP-SAL-110270118-01,2013,6860,El Recuerdo de Ancón (Xoconoxtle de Arriba),110270118,1027,Salamanca,20.6386299,-101.1295929,2,"Calle Diagonal Emiliano Zapata 3, Miguel Fernandez, 36863 Salamanca, GUA, México",36863
166,4,REDGTO-SAL-MO-00004,Santo Domingo,Publico,10.0.7.3,192.168.7.1,NP-SAL-110270147-01,2013,6884,Santo Domingo,110270147,1027,Salamanca,20.5153008,-101.2278900,2,"Calle Emiliano Zapata 1, Santo Domingo, 36878 Salamanca, GUA, México",36878
167,5,REDGTO-SAL-MO-00005,Cerro Gordo,Publico,10.0.8.3,192.168.8,NP-SAL-110270046-01,2013,6800,Cerro Gordo (San Rafael),110270046,1027,Salamanca,20.5934296,-101.1260986,2,"Avenida Salamanca-Juventino Rosas 5A, Cerro Gordo, 36860 Salamanca, GUA, México",36860
168,6,REDGTO-SAL-MO-00006,Valtierrilla,Publico,10.0.9.1,10.0.9,NP-SAL-110270160-01,2013,6895,Valtierrilla,110270161,1027,Salamanca,20.5286007,-101.1298065,2,"Calle Plaza de la Revolución 469, 36883 Valtierrilla, GUA, México",36883
169,7,REDGTO-SAL-MO-00007,Colonia 4 de Altamira,Publico,10.0.12.3,0192.12.3,NP-SAL-110270181-01,2013,6911,Colonia el Cuatro de Altamira,110270181,1027,Salamanca,20.4856100,-101.1657900,2,"Calle Revolución 20, Col Cuatro De Altamira, 36886 Salamanca, GUA, México",36886
170,8,REDGTO-SAL-MO-00008,Valencia (Salamanca),Publico,10.0.13.3,10.0.13,NP-SAL-110270159-01,2013,6893,Valencia de Cerro Gordo,110270159,1027,Salamanca,20.6021996,-101.0823212,2,"Calle Obregón 26, Valencia, 36867, GUA, México",36867
33,9,REDGTO-COR-MO-00009,La Minilla,Publico,10.0.40.3,10.0.142,NP-COR-110110031-01,2014,2694,La Minilla,110110031,1011,Cortazar,20.4228802,-100.8929062,2,"Calle Francisco Villa, 38498, GUA, México",38498
34,10,REDGTO-COR-MO-00010,Centro Cultural Cortazar,Publico,10.0.41.3,192.168.41,NP-COR-110110001-01,2014,2671,Cortazar,110110001,1011,Cortazar,20.4888706,-100.9620590,2,"Escuela Secundaria Ing. Antonio Madrazo, Calle Melchor Ocampo 101, Centro, 38300 Cortazar, GUA, México",38300
35,11,REDGTO-COR-MO-00011,Tierra Fría,Publico,10.0.42.3,192.42.10,NP-COR-110110054-01,2014,2713,Tierra Fría,110110054,1011,Cortazar,20.4613609,-101.0397568,2,"Calle México 2, Tierra Fria, 38494, GUA, México",38494
36,12,REDGTO-COR-MO-00012,El Diezmo,Publico,10.0.43.3,192.43.3,NP-COR-110110015-01,2014,2680,El Diezmo,110110015,1011,Cortazar,20.4284592,-101.0159073,2,"Calle Francisco Villa 102, El Diezmo, 38493, GUA, México",38493
37,13,REDGTO-COR-MO-00013,Galeras,Publico,10.0.44.1,10.0.44,NP-COR-110110018-01,2014,2683,Galeras,110110018,1011,Cortazar,20.4266109,-100.9868393,2,"Calle Leona Vicario, Galeras De Cortazar, 38493, GUA, México",38493
38,14,REDGTO-COR-MO-00014,La Gavia,Publico,10.0.45.2,10.0.45,NP-COR-110110019-01,2015,2684,La Gavia,110110019,1011,Cortazar,20.3971806,-100.8837204,2,"Calle Miguel Hidalgo 101A, La Gavia, 38498, GUA, México",38498
315,15,REDGTO-VLG-MO-00015,San Isidro Cerro Gordo,Publico,10.0.30.3,10.0.30,NP-VLG-110440036-01,2015,10738,San Isidro Cerro Gordo,110440036,1044,Villagran,20.5418091,-101.0591812,2,"Privada San Isidro, San Isidro Cerro Gordo, 38273, GUA, México",38273
316,16,REDGTO-VLG-MO-00016,Colonia 18 de Marzo,Publico,10.0.31.3,10.0.31,NP-VLG-110440012-01,2015,10724,Colonia 18 de Marzo,110440012,1044,Villagran,20.5548191,-101.0362701,2,"Calle José María Morelos 212, Colonia Dieciocho De Marzo, 38280, GUA, México",38280
317,17,REDGTO-VLG-MO-00017,Suchitlán,Publico,10.0.32.3,10.0.32,NP-VLG-110440044-01,2015,10743,Suchitlán,110440044,1044,Villagran,20.5328418,-101.0242596,2,"Calle Hidalgo 27, Suchitlan, 38280 Villagrán, GUA, México",38280
4,20,REDGTO-CEL-MO-00020,Pedro María Anaya,Publico,10.0.50.3,10.0.50,NP-CEL-110070415-01,2015,1841,Colonia Pedro María Anaya,110070415,1007,Celaya,20.5279198,-100.8781433,2,"Calle S/Nom, Pedro Maria Anaya, 38115, GUA, México",38115
5,21,REDGTO-CEL-MO-00021,Roque,Publico,10.0.56.4,192.56.4,NP-CEL-110070146-01,2015,1709,Roque,110070146,1007,Celaya,20.5816498,-100.8382721,2,"Calle Ignacio Allende 26B, Roque, 38124, GUA, México",38124
6,22,REDGTO-CEL-MO-00022,San Elías,Publico,10.0.52.1,10.0.52,NP-CEL-110070153-01,2015,1715,San Elías,110070153,1007,Celaya,20.6334705,-100.8414993,2,"Calle S/Nom, San Elias, 38106, GUA, México",38106
7,23,REDGTO-CEL-MO-00023,San Juan de la Vega,Publico,10.0.53.1,10.0.53,NP-CEL-110070161-01,2015,1722,San Juan de la Vega,110070161,1007,Celaya,20.6243591,-100.7606964,2,"Calle Miguel Hidalgo 103, La Aurora, 38100 San Juan de la Vega, GUA, México",38100
8,24,REDGTO-CEL-MO-00024,Parque Bicentenario,Publico,10.0.54.1,10.0.54,NP-CEL-110070157-01,2015,1719,San Isidro de Trojes,110070157,1007,Celaya,20.5115795,-100.7785187,2,"Calle S/Nom, San Jose De Torres, 38085, GUA, México",38085
249,25,REDGTO-JVR-MO-00025,Santiago de Cuenda,Publico,10.0.60.3,192.64.60,NP-JVR-110350075-01,2015,9302,Santiago de Cuenda,110350075,1035,Santa Cruz de Juventino Rosas,20.5989494,-100.9948196,2,"Calle Diego Martínez 2, Santiago De Cuenda, 38253, GUA, México",38253
250,26,REDGTO-JVR-MO-00026,COMUDE,Publico,10.0.64.54,192.64.54,NP-JVR-110350001-01,2015,9243,Juventino Rosas,110350001,1035,Santa Cruz de Juventino Rosas,20.6379700,-100.9929810,2,"Calle Distrito Federal, Deportiva, 38245 Juventino Rosas, GUA, México",38245
171,27,REDGTO-SAL-MO-00027,Escuela Primaria General Santos Degollado,Escolar,10.0.200.2,192.200.2,NE-SAL-110270115-01,2017,6857,Los Miranda (El Xoconoxtle de Abajo),110270115,1027,Salamanca,20.6401005,-101.1381607,11EPR0504T,"Calle S/Nom, Mirandas (Xoconostle De Abajo), 36863 Salamanca, GUA, México",36863
172,28,REDGTO-SAL-MO-00028,Telesecundaria No. 789,Escolar,10.0.200.30,192.200.30,NE-SAL-110270118-01,2017,6860,El Recuerdo de Ancón (Xoconoxtle de Arriba),110270118,1027,Salamanca,20.6372509,-101.1258163,11ETV0789N,"Calle Benito Juárez 7, Xoconoxtle De Arriba, 36863 Salamanca, GUA, México",36863
173,29,REDGTO-SAL-MO-00029,Escuela Primaria Andrés Delgado,Escolar,10.0.200.24,10.0.200.24,NE-SAL-110270140-01,2017,6878,San Rafael de Uruétaro,110270140,1027,Salamanca,20.5063305,-101.1783066,11DPR0935J,"Carretera a Uruétaro, El Circuito, 36886 Salamanca, GUA, México",36886
174,30,REDGTO-SAL-MO-00030,Escuela Primaria Cinco de Mayo,Escolar,10.0.200.6,192.200.6,NE-SAL-110270158-01,2017,6892,Uruétaro,110270158,1027,Salamanca,20.5196095,-101.1802673,11DPR0128H,"Carretera a Uruétaro 403, Uruetaro, 36880 Salamanca, GUA, México",36880
175,31,REDGTO-SAL-MO-00031,Preescolar Hermenegildo Galeana,Escolar,10.0.200.42,192.200.42,NE-SAL-110270118-02,2017,6860,El Recuerdo de Ancón (Xoconoxtle de Arriba),110270118,1027,Salamanca,20.6389503,-101.1295624,11DJN2450D,"Calle Diagonal Emiliano Zapata 3, Miguel Fernandez, 36863 Salamanca, GUA, México",36863
176,33,REDGTO-SAL-MO-00033,Escuela Primaria Margarita Maza de Juárez,Escolar,10.0.225.2,"192,200,225",NE-SAL-110270049-01,2017,6802,El Circuito,110270049,1027,Salamanca,20.5050809,-101.1648264,11DPR0252G,"Calle S/Nom, 36886 Salamanca, GUA, México",36886
177,35,REDGTO-SAL-MO-00035,Telesecundaria No. 927,Escolar,10.0.200.16,192.200.15,NE-SAL-110270181-01,"2,017",6911,Colonia el Cuatro de Altamira,110270181,1027,Salamanca,20.4848003,-101.1674500,11ETV0927Z,"Carretera a Uruétaro, Col Cuatro De Altamira, 36886 Salamanca, GUA, México",36886
251,36,REDGTO-JVR-MO-00036,Valencia (Juventino Rosas),Publico,10.0.62.3,192.64.62,NP-JVR-110350082-01,2016,9308,Valencia,110350082,1035,Santa Cruz de Juventino Rosas,20.6440792,-100.9631577,2,"Calle Insurgentes, Valencia 1, 38250, GUA, México",38250
318,37,REDGTO-VLG-MO-00037,Parque Agroindustrial Xonotli,Publico,10.0.14.6,192.168.14,NP-VLG-110440023-01,2014,10731,Mexicanos,110440023,1044,Villagran,20.5522804,-101.0765381,2,"Calle S/Nom, Mexicanos, 38271, GUA, México",38271
299,38,REDGTO-TAR-MO-00038,La Moncada,Publico,10.0.90.60,192.90.6,NP-TAR-110390022-01,2016,10017,La Moncada,110390022,1039,Tarimoro,20.2830601,-100.8054962,2,"Calle Aldama 20B, La Moncada, 38720, GUA, México",38720
114,39,REDGTO-JAR-MO-00039,Santiago Capitiro,Publico,10.0.71.3,10.0.71,NP-JAR-110180030-01,2016,4560,Santiago Capitiro,110180030,1018,Jaral del Progreso,20.3045101,-101.0207825,2,"Calle Ignacio Allende 102, Santiago Capitiro, 38484, GUA, México",38484
252,40,REDGTO-JVR-MO-00040,UPJR,Publico,10.0.63.1,10.0.63,NP-JVR-110350082-02,2016,9308,Valencia,110350082,1035,Santa Cruz de Juventino Rosas,20.6418056,-100.9612274,2,"Domo de la Ciencia IPJR, Calle Hidalgo, Valencia 1, 38250, GUA, México",38250
115,41,REDGTO-JAR-MO-00041,DIF - El Pedregal,Publico,10.0.70.4,10.0.90,NP-JAR-110180001-01,2016,4539,Jaral del Progreso,110180001,1018,Jaral del Progreso,20.3721500,-101.0812200,2,"Calle 18 de Marzo, Pedregal Del Carmen, 38476 Jaral del Progreso, GUA, México",38476
116,42,REDGTO-JAR-MO-00042,Jardín Municipal,Publico,10.0.70.2,192.70.2,NP-JAR-110180001-02,2016,4539,Jaral del Progreso,110180001,1018,Jaral del Progreso,20.3744620,-101.0640427,2,"Calle Manuel Doblado Sur 102, Centro, 38470 Jaral del Progreso, GUA, México",38470
117,43,REDGTO-JAR-MO-00043,Victoria de Cortazar,Publico,10.0.70.9,192.70.5,NP-JAR-110180035-01,2016,4564,Victoria de Cortazar,110180035,1018,Jaral del Progreso,20.3355808,-101.0339432,2,"Avenida Miguel Hidalgo 102, Rio Lerma, 38480, GUA, México",38480
118,44,REDGTO-JAR-MO-00044,Providencia,Publico,10.0.70.8,10.0.111,NP-JAR-110180022-01,2016,4553,Providencia,110180022,1018,Jaral del Progreso,20.3547497,-101.0210419,2,"Calle Morelos, Providencia, 38483, GUA, México",38483
302,45,REDGTO-VDS-MO-00045,Deportiva,Publico,10.0.72.2,10.0.103,NP-VDS-110420001-01,2016,10247,Valle de Santiago,110420001,1042,Valle de Santiago,20.3867798,-101.1954117,2,"Calle Plan de Ayala, Miravalle, 38406 Valle de Santiago, GUA, México",38406
323,46,REDGTO-YUR-MO-00046,San Francisco de la Cruz,Publico,10.0.73.90,192.73.4,NP-YUR-110170752-01,2016,11025,San Francisco de la Cruz,110460068,1046,Yuriria,20.2138500,-101.2011185,2,"Calle Miguel Hidalgo 37, San Francisco De La Cruz, 38950, GUA, México",38950
324,47,REDGTO-YUR-MO-00047,Centro Histórico Yuriria,Publico,10.0.73.2,192.73.2,NP-YUR-110460001-01,2016,10970,Yuriria,110460001,1046,Yuriria,20.2142105,-101.1316223,2,"Calle Coronel Fernando Núñez 1, Zona Centro, 38940 Yuriria, GUA, México",38940
325,48,REDGTO-YUR-MO-00048,Casacuarán,Publico,10.0.73.8,10.0.78,NP-YUR-110460075-01,2016,11032,San Pablo Casacuarán,110460075,1046,Yuriria,20.1982899,-101.0422897,2,"Calle Luis Donaldo Colosio, San Pablo Casacuaran, 38953, GUA, México",38953
208,49,REDGTO-SLV-MO-00049,El Sabino,Publico,10.0.75.4,10.0.93,NP-SLV-110280048-01,2016,7245,El Sabino,110280048,1028,Salvatierra,20.2810707,-101.0065689,2,"Calle Benito Juárez 100C, 38484, GUA, México",38484
209,50,REDGTO-SLV-MO-00050,San Nicolas de los Agustinos,Publico,10.0.75.6,10.0.175,NP-SLV-110280058-01,2016,7250,San Nicolás de los Agustinos,110280058,1028,Salvatierra,20.2462902,-100.9660721,2,"Calle José María Morelos 52, San Nicolas De Los Agustinos, 38930, GUA, México",38930
210,51,REDGTO-SLV-MO-00051,Maravatío del Encinal,Publico,10.0.75.8,10.0.125,NP-SLV-110280031-01,2016,7231,Maravatío del Encinal,110280031,1028,Salvatierra,20.2050991,-100.9651718,2,"Calle Ignacio Allende 201B, Maravatio Del Encinal, 38931, GUA, México",38931
211,52,REDGTO-SLV-MO-00052,Centro Histórico Salvatierra,Publico,10.0.75.2,192.75.1,NP-SLV-110280001-01,2016,7208,Salvatierra,110280001,1028,Salvatierra,20.2128391,-100.8825912,2,"Cristóbal Colon 125B, Zona Centro, 38900 Salvatierra, GUA, México",38900
212,53,REDGTO-SLV-MO-00053,Urireo,Publico,10.0.75.10,10.0.94,NP-SLV-110280064-01,2016,7256,Urireo,110280064,1028,Salvatierra,20.2164307,-100.8425293,2,"Calle Reforma, 38903 Urireo, GUA, México",38903
292,54,REDGTO-SGM-MO-00054,Centro Historico Maravatio,Publico,10.0.74.2,10.0.130,NP-SGM-110360001-01,2016,9468,Santiago Maravatío,110360001,1036,Santiago Maravatio,20.1724701,-100.9949417,2,"Calle Miguel Hidalgo 38, Presidentes, 38970 Santiago Maravatío, GUA, México",38970
326,55,REDGTO-YUR-MO-00055,Loma de Zempoala,Publico,10.0.73.6,192.168.73,NP-YUR-110460029-01,2016,10994,Loma de Zempoala,110460029,1046,Yuriria,20.2911301,-101.0807724,2,"Calle Venustiano Carranza 2, Loma de Zempoala, 38486, GUA, México",38486
9,56,REDGTO-CEL-MO-00056,San José de Yustis,Publico,10.0.56.8,192.56.8,NP-CEL-110070193-01,2016,1738,Yustis (San José de Yustis),110070193,1007,Celaya,20.5812798,-100.8639603,2,"Calle Francisco Villa, Yustis, 38110, GUA, México",38110
10,57,REDGTO-CEL-MO-00057,Ejido de Silva,Publico,10.0.56.6,192.56.6,NP-CEL-110070182-01,2016,1675,Celaya,110070001,1007,Celaya,20.5660800,-100.8356900,2,"Calle José María Morelos y Pavón, San Isidro De Silva ( Pelavacas ), 38126, GUA, México",38126
11,58,REDGTO-CEL-MO-00058,Gasca,Publico,10.0.56.12,192.56.12,NP-CEL-110070102-01,2016,1688,Gasca,110070102,1007,Celaya,20.6044502,-100.8568802,2,"Calle Niño Perdido, Gasca, 38125, GUA, México",38125
12,59,REDGTO-CEL-MO-00059,San Cayetano,Publico,10.0.55.10,192.55.10,NP-CEL-110070151-01,2016,1713,San Cayetano,110070151,1007,Celaya,20.6038609,-100.8208237,2,"Avenida Juárez, San Cayetano, 38123, GUA, México",38123
13,60,REDGTO-CEL-MO-00060,Elguera,Publico,10.0.56.10,192.56.10,NP-CEL-110070097-01,2016,1685,Puerta del Monte (Elguera),110070097,1007,Celaya,20.5636806,-100.8870697,2,"Calle Camargo, Ejido De Elguera, 38114, GUA, México",38114
303,61,REDGTO-VDS-MO-00061,Santa Bárbara,Publico,10.0.72.10,10.0.136,NP-VDS-110420118-01,2017,10351,Santa Bárbara,110420118,1042,Valle de Santiago,20.4755306,-101.3490372,2,"Calle Jardín Principal, Noria De Mozqueda, 38410 Valle de Santiago, GUA, México",38410
304,62,REDGTO-VDS-MO-00062,UTSOE,Publico,10.0.72.8,192.168.72,NP-VDS-110420162-01,2016,10376,Ranchito de Paredones,110420162,1042,Valle de Santiago,20.3984604,-101.2221985,2,"Universidad Tecnologica del Suroeste de Guanajuato, Carretera Valle-Guarapo, Ecologista, 38400 Valle de Santiago, GUA, México",38400
178,63,REDGTO-SAL-MO-00063,Preescolar Carmen Ramos del Río,Escolar,10.0.200.34,192.200.34,NE-SAL-110270181-02,2017,6911,Colonia el Cuatro de Altamira,110270181,1027,Salamanca,20.4858894,-101.1636810,11DJN0156N,"Calle S/Nom, Col Cuatro De Altamira, 36886 Salamanca, GUA, México",36886
179,64,REDGTO-SAL-MO-00064,Escuela Primaria Lázaro Cárdenas,Escolar,10.0.200.18,192.200.17,NE-SAL-110270181-03,2017,6911,Colonia el Cuatro de Altamira,110270181,1027,Salamanca,20.4853306,-101.1656113,11DPR0105X,"Calle General Lázaro Cárdenas, Col Cuatro De Altamira, 36886 Salamanca, GUA, México",36886
180,65,REDGTO-SAL-MO-00065,Preescolar Ignacio José Allende,Escolar,10.0.200.32,192.200.32,NE-SAL-110270056-01,2017,6807,Cuatro de Altamira,110270056,1027,Salamanca,20.4799595,-101.1814804,11DJN3106Z,"Calle Naranjo, 36886 Salamanca, GUA, México",36886
14,66,REDGTO-CEL-MO-00066,SABES San Elías,Escolar,10.0.215.2,192.215.2,NE-CEL-110070153-01,2016,1715,San Elías,110070153,1007,Celaya,20.6312351,-100.8385620,11MMS0342I,"Calle S/Nom, San Elias, 38106, GUA, México",38106
181,67,REDGTO-SAL-MO-00067,Preescolar Manuel M. Ponce,Escolar,10.0.200.40,192.200.40,NE-SAL-110270158-02,2017,6892,Uruétaro,110270158,1027,Salamanca,20.5180798,-101.1808090,11DJN0037Z,"Carretera a Uruétaro 503, Uruetaro, 36880 Salamanca, GUA, México",36880
182,68,REDGTO-SAL-MO-00068,SABES Cerro Gordo,Escolar,10.0.200.44,192.200.44,NE-SAL-110070089-01,2017,1681,Cerro Blanco,110070089,1027,Salamanca,20.5991592,-101.1270065,11MMS0156N,"Calle Rubén Darío Poniente, San Rafael Cerro Gordo, 36860 Salamanca, GUA, México",36860
183,69,REDGTO-SAL-MO-00069,Escuela Primaria General Benito Juárez,Escolar,10.0.200.8,192.200.8,NE-SAL-110270159-01,2017,6893,Valencia de Cerro Gordo,110270159,1027,Salamanca,20.6001396,-101.0802231,11DPR0847P,"Calle Pípila 13, Valencia, 36867, GUA, México",36867
184,70,REDGTO-SAL-MO-00070,Escuela Primaria General Leona Vicario,Escolar,10.0.200.26,192.200.26,NE-SAL-110270147-01,2017,6884,Santo Domingo,110270147,1027,Salamanca,20.5156898,-101.2290268,11EPR0265J,"Calle María Guadalupe 14, Santo Domingo, 36878 Salamanca, GUA, México",36878
185,71,REDGTO-SAL-MO-00071,Telesecundaria No. 236,Escolar,10.0.200.28,192.200.28,NE-SAL-110270147-02,2017,6884,Santo Domingo,110270147,1027,Salamanca,20.5170593,-101.2313919,11ETV0228E,"Calle Joséfa Ortiz de Domínguez, Santo Domingo, 36878 Salamanca, GUA, México",36878
186,72,REDGTO-SAL-MO-00072,Telesecundaria No. 43,Escolar,10.0.200.50,192.168.50,NE-SAL-110270133-01,2017,6872,San José de Mendoza,110270133,1027,Salamanca,20.6909676,-101.2153854,11ETV0361L,"Privada Miguel, San Jose De Mendoza, 36853, GUA, México",36853
187,73,REDGTO-SAL-MO-00073,Loma de Flores,Publico,10.0.2.3,0192.2.3,NP-SAL-110270135-01,2013,6874,San José Temascatío,110270135,1027,Salamanca,20.6871967,-101.2631900,2,"Calle S/Nom, San Jose De Marañon, 36856, GUA, México",36856
188,74,REDGTO-SAL-MO-00074,Telesecundaria No. 149,Escolar,10.0.200.12,0192.12.1,NE-SAL-110270158-03,2017,6892,Uruétaro,110270158,1027,Salamanca,20.5160999,-101.1811600,11ETV0143Y,"Calle Pedro Lascuráin 202, Uruetaro, 36880 Salamanca, GUA, México",36880
189,75,REDGTO-SAL-MO-00075,Ecoparque,Publico,10.0.15.2,192.168.15,NP-SAL-110270001-01,2016,6785,Salamanca,110270001,1027,Salamanca,20.5677800,-101.2072300,2,"Avenida del Parque, Del Parque 4ta Seccion, 36783 Salamanca, GUA, México",36783
190,76,REDGTO-SAL-MO-00076,San José de Mendoza,Publico,10.0.200.49,192.168.49,NP-SAL-110270133-01,2013,6872,San José de Mendoza,110270133,1027,Salamanca,20.6907997,-101.2159195,2,"Calle S/Nom, San Jose De Mendoza, 36853, GUA, México",36853
300,77,REDGTO-TAR-MO-00077,Tarimoro,Publico,10.0.90.8,192.90.8,NP-TAR-110390001-01,2016,9997,Tarimoro,110390001,1039,Tarimoro,20.2880707,-100.7556229,2,"Calle S/Nom, Zona Centro, 38700 Tarimoro, GUA, México",38700
253,78,REDGTO-JVR-MO-00078,San Diego de los Dolores,Publico,10.0.64.10,192.64.9,NP-JVR-110350059-01,2017,9289,San Diego de los Dolores,110350059,1035,Santa Cruz de Juventino Rosas,20.7260399,-101.0284882,2,"Calle S/Nom, San Diego De Los Dolores, 38256, GUA, México",38256
254,79,REDGTO-JVR-MO-00079,El Naranjillo,Publico,10.0.64.8,192.64.7,NP-JVR-110350037-01,2017,9271,El Naranjillo,110350037,1035,Santa Cruz de Juventino Rosas,20.7148500,-101.0010500,2,"Calle S/Nom, El Naranjillo, 38256, GUA, México",38256
255,80,REDGTO-JVR-MO-00080,Dulces Nombres,Publico,10.0.64.14,192.64.14,NP-JVR-110350050-01,2017,9281,Los Dulces Nombres,110350050,1035,Santa Cruz de Juventino Rosas,20.6502209,-100.9652786,2,"Calle San Pedro 119, Dulces Nombres (El Ranchito), 38250 Juventino Rosas, GUA, México",38250
256,81,REDGTO-JVR-MO-00081,Franco Tavera,Publico,10.0.64.18,192.64.17,NP-JVR-110350078-01,2017,9304,Franco Tavera,110350078,1035,Santa Cruz de Juventino Rosas,20.6062603,-100.9288483,2,"Nicolás Bravo, Franco Tavera, 38255 Franco Tavera, GUA, México",38255
257,82,REDGTO-JVR-MO-00082,San Antonio de Romerillo,Publico,10.0.64.16,192.168.0,NP-JVR-110350058-01,2017,9288,San Antonio de Romerillo,110350058,1035,Santa Cruz de Juventino Rosas,20.6075993,-100.9479599,2,"Calle San Antonio 1611, San Antoniio De Romerillos, 38255, GUA, México",38255
258,83,REDGTO-JVR-MO-00083,Jaralillo,Publico,10.0.64.12,192.64.11,NP-JVR-110350027-01,2017,9263,Jaralillo,110350027,1035,Santa Cruz de Juventino Rosas,20.6652603,-100.9767303,2,"Calle Juventino Rosas 106, Jaralillo 1, 38250 Juventino Rosas, GUA, México",38250
259,84,REDGTO-JVR-MO-00084,San Antonio de Morales,Publico,10.0.64.20,192.64.20,NP-JVR-110350035-01,2017,9269,San Antonio de Morales,110350035,1035,Santa Cruz de Juventino Rosas,20.5815392,-100.9096222,2,"Calle Lázaro Cárdenas, Rancho Viejo, 38255, GUA, México",38255
220,85,REDGTO-SMA-MO-00085,La Huerta,Publico,10.0.77.6,192.77.5,NP-SMA-110030124-01,2017,724,La Huerta,110030124,1003,San Miguel de Allende,20.8214493,-100.8293686,2,"Calle 5 de Mayo, La Huerta, 37898, GUA, México",37898
221,86,REDGTO-SMA-MO-00086,Alonso Yáñez,Publico,10.0.77.8,192.77.8,NP-SMA-110030008-01,2017,644,Alonso Yáñez,110030008,1003,San Miguel de Allende,20.8299103,-100.8556290,2,"Calle S/Nom, Alonzo Yañez, 37898, GUA, México",37898
222,87,REDGTO-SMA-MO-00087,Don Francisco,Publico,10.0.77.10,192.77.9,NP-SMA-110030092-01,2017,698,Don Francisco,110030092,1003,San Miguel de Allende,20.9053100,-100.9184500,2,"Calle Principal, Don Francisco, 37895, GUA, México",37895
223,88,REDGTO-SMA-MO-00088,Cruz del Palmar,Publico,10.0.77.12,192.77.11,NP-SMA-110030083-01,2017,694,La Cruz del Palmar,110030083,1003,San Miguel de Allende,20.9719105,-100.8426666,2,"Calle Roque Rubio, Cruz Del Palmar, 37893, GUA, México",37893
224,89,REDGTO-SMA-MO-00089,Los Rodríguez,Publico,10.0.77.14,192.77.13,NP-SMA-110030244-01,2017,796,Los Rodríguez,110030244,1003,San Miguel de Allende,21.0409508,-100.6427994,2,"Calle Corrregidora 5, Zona Centro, 37880, GUA, México",37880
191,91,REDGTO-SAL-MO-00091,Escuela Primaria Año de Juarez,Escolar,10.0.200.10,192.200.10,NE-SAL-110270118-03,2017,6860,El Recuerdo de Ancón (Xoconoxtle de Arriba),110270118,1027,Salamanca,20.6372795,-101.1252365,11DPR2184N,"Calle Vicente Guerrero 1, Xoconoxtle De Arriba, 36863 Salamanca, GUA, México",36863
124,92,REDGTO-LEO-MO-00092,Escuela Primaria Miguel Hidalgo (León),Escolar,10.1.200.4,192.200.4,NE-LEO-110200001-01,2017,4802,León de los Aldama,110200001,1020,Leon,21.0852909,-101.6180115,11DPR1925J,"Valle del Zahuán 203, Azul Maguey, 37545 León, GUA, México",37545
125,93,REDGTO-LEO-MO-00093,Escuela Primaria Emiliano Zapata (Los Sauces),Escolar,10.1.200.6,192.200.6,NE-LEO-110200474-01,2017,4901,Los Sauces,110200474,1020,Leon,21.0241299,-101.5392609,11DPR1900A,"Calle S/Nom, San Isidro De Los Sauces, 37683, GUA, México",37683
126,94,REDGTO-LEO-MO-00094,Escuela Primaria 5 de Mayo,Escolar,10.1.200.12,192.200.12,NE-LEO-110200001-02,2017,4802,León de los Aldama,110200001,1020,Leon,21.1174793,-101.6047592,11DPR2715L,"El Renacimiento 310, Nuevo Amanecer, 37299 León, GUA, México",37299
127,95,REDGTO-LEO-MO-00095,Telesecundaria No. 581,Escolar,10.1.200.18,192.200.17,NE-LEO-110200340-01,2017,4839,Ibarrilla,110200340,1020,Leon,21.1867905,-101.6499481,11ETV0585T,"Avenida Lomas de Guadalupe 104, Cantarranas, 37209 Ibarrilla, GUA, México",37209
128,96,REDGTO-LEO-MO-00096,Escuela Primaria Benito Juárez,Escolar,10.1.200.20,192.200.20,NE-LEO-110200348-01,2017,4843,Lagunillas,110200348,1020,Leon,21.2017403,-101.7638779,11EPR0395C,"Privada del Caserio, Lagunillas, 37669 León, GUA, México",37669
129,97,REDGTO-LEO-MO-00097,Telesecundaria No. 123,Escolar,10.1.200.38,192.200.38,NE-LEO-110200474-02,2017,4901,Los Sauces,110200474,1020,Leon,21.0258007,-101.5411606,11ETV0124J,"Calle S/Nom, San Isidro De Los Sauces, 37683, GUA, México",37683
130,98,REDGTO-LEO-MO-00098,Telesecundaria No. 528,Escolar,10.1.200.28,192.200.28,NE-LEO-110200635-01,2017,4964,El Puente,110200635,1020,Leon,21.0332794,-101.7116089,11ETV0539H,"Privada de los Volcanes, San Pedro Del Monte I, 37660 León, GUA, México",37660
131,99,REDGTO-LEO-MO-00099,Telesecundaria No. 527,Escolar,10.1.200.30,192.200.30,NE-LEO-110200267-01,2017,4808,Los Arcos,110200267,1020,Leon,21.0492191,-101.6848221,11ETV0549O,"Calle Estv., Los Arcos, 37689 León, GUA, México",37689
132,100,REDGTO-LEO-MO-00100,Escuela Primaria Tierra y Libertad,Escolar,10.1.200.8,0192.8.1,NE-LEO-110200382-01,2017,4861,Los Naranjos,110200382,1020,Leon,21.1692791,-101.6267014,11DPR2326V,"Calle Laurel 106, La Cruz, 37207 León, GUA, México",37207
133,101,REDGTO-LEO-MO-00101,Escuela Primaria Melchor Ocampo (La Mora),Escolar,10.1.200.16,192.200.16,NE-LEO-110200379-01,2017,4859,La Mora,110200379,1020,Leon,21.0661201,-101.7632294,11DPR1543C,"Ecobulevar León - San Francisco, La Mora, 37664 León, GUA, México",37664
134,102,REDGTO-LEO-MO-00102,Escuela Primaria Insurgentes,Escolar,10.1.200.10,192.200.10,NE-LEO-110200263-01,2017,4805,Alfaro,110200263,1020,Leon,21.1486893,-101.6081009,11DPR3601Q,"Calle S/Nom, La Capilla, 37233 Alfaro, GUA, México",37233
225,103,REDGTO-SMA-MO-00103,Escuela Primaria Justo Sierra,Escolar,10.0.203.8,192.203.8,NE-SMA-110030006-01,2017,642,Agustín González,110030006,1003,San Miguel de Allende,20.8592205,-100.8531036,11DPR1984Z,"Calle S/Nom, Agustin Gonzalez, 37898, GUA, México",37898
226,104,REDGTO-SMA-MO-00104,Telesecundaria No. 546,Escolar,10.0.203.10,192.203.10,NE-SMA-110030006-02,2017,642,Agustín González,110030006,1003,San Miguel de Allende,20.8580704,-100.8527908,11ETV0368E,"Calle Hidalgo, Agustin Gonzalez, 37898, GUA, México",37898
260,105,REDGTO-JVR-MO-00105,Escuela Primaria General Lázaro Cárdenas,Escolar,10.0.205.8,192.168.8,NE-JVR-110350081-01,2017,9307,La Trinidad,110350081,1035,Santa Cruz de Juventino Rosas,20.5727806,-101.0633316,11DPR0322L,"Privada 5 de Mayo, 36884, GUA, México",36884
261,106,REDGTO-JVR-MO-00106,Escuela Primaria Francisco Villa,Escolar,10.0.205.10,192.168.10,NE-JVR-110350066-01,2017,9296,San Julián Tierra Blanca,110350066,1035,Santa Cruz de Juventino Rosas,20.5955601,-101.0433273,11DPR0724F,"Calle Luis Echeverría Álvarez, San Julian Tierra Blanca, 38255, GUA, México",38255
262,107,REDGTO-JVR-MO-00107,Escuela Primaria Emiliano Zapata (Emiliano Zapata),Escolar,10.0.205.13,192.205.14,NE-JVR-110350014-01,2017,9253,Emiliano Zapata,110350014,1035,Santa Cruz de Juventino Rosas,20.6195690,-101.0427470,11DPR0917U,"Privada Santos Degollado, Emiliano Zapata, 38254, GUA, México",38254
158,108,REDGTO-PNV-MO-00108,Telesecundaria No. 926,Escolar,10.0.201.2,192.201.2,NE-PNV-110240009-01,2017,6294,Congregación de Panales,110240009,1024,Pueblo Nuevo,20.5631409,-101.3347168,11ETV0926Z,"Calle Solidaridad 1, Panales, 36897, GUA, México",36897
263,109,REDGTO-JVR-MO-00109,Escuela Primaria Juventino Rosas,Escolar,10.0.205.12,192.205.12,NE-JVR-110350027-01,2017,9263,Jaralillo,110350027,1035,Santa Cruz de Juventino Rosas,20.6653580,-100.9768220,11DPR2476B,"Calle Juventino Rosas 106, Jaralillo 1, 38250 Juventino Rosas, GUA, México",38250
192,110,REDGTO-SAL-MO-00110,Escuela Primaria Cinco de Febrero,Escolar,10.0.200.4,0192.4.1,NE-SAL-110270089-01,2017,6834,La Luz (La Cal),110270089,1027,Salamanca,20.5552100,-101.1807200,11DPR0111H,"Calle Mina 106, La Luz, 36776 Salamanca, GUA, México",36776
21,111,REDGTO-COM-MO-00111,Escuela Primaria Enrique C. Rébsamen,Escolar,10.0.202.2,192.202.2,NE-COM-110090014-01,2017,2469,Jalpilla,110090014,1009,Comonfort,20.7304897,-100.7197495,11DPR1581F,"Calle Enrique García Dobarganes, Jalpilla, 38215, GUA, México",38215
22,112,REDGTO-COM-MO-00112,Escuela Telesecundaria Benito Juárez,Escolar,10.0.202.8,192.202.8,NE-COM-110090014-02,2017,2469,Jalpilla,110090014,1009,Comonfort,20.7327995,-100.7197495,11ETV0071V,"Calle Lerdo de Tejada, Nueva, 38215, GUA, México",38215
23,113,REDGTO-COM-MO-00113,Escuela Primaria Mariano Escobedo,Escolar,10.0.202.12,192.202.12,NE-COM-110090088-01,2017,2518,San Pedro Norte,110090088,1009,Comonfort,20.7753296,-100.7892380,11DPR1039V,"Calle 16 de Septiembre, San Pedro Del Norte, 38207, GUA, México",38207
135,114,REDGTO-LEO-MO-00114,Escuela Primaria Joel Cisneros Lara,Escolar,10.1.200.14,192.200.14,NE-LEO-110201379-01,2017,4802,León de los Aldama,110200001,1020,Leon,21.1668892,-101.7562103,11DPR3915Q,"Boulevard Torre León, Fraccionamiento Paseo de las Torres, 37669 León, GUA, México",37669
136,115,REDGTO-LEO-MO-00115,Escuela Primaria Dr. Pablo del Río,Escolar,10.1.200.22,192.200.22,NE-LEO-110201379-02,2017,4802,León de los Aldama,110200001,1020,Leon,21.1663399,-101.7631226,11EPR0193G,"Calle Campestre Ahuehuete, Fraccionamiento Paseos del Roble, 37669 León, GUA, México",37669
137,116,REDGTO-LEO-MO-00116,Telesecundaria No. 1003,Escolar,10.1.200.24,192.200.24,NE-LEO-110200371-01,2017,4854,Mesa de Ibarrilla,110200371,1020,Leon,21.2203693,-101.6342392,11ETV1003E,"Calle S/Nom, 37676, GUA, México",37676
227,117,REDGTO-SMA-MO-00117,Escuela Primaria Juan Aldama,Escolar,10.0.203.4,192.203.4,NE-SMA-110030094-01,2017,700,Don Juan,110030094,1003,San Miguel de Allende,20.8400010,-100.8057220,11DPR2993N,"Calle Aldama, San Marcos De Begoña, 37898, GUA, México",37898
228,118,REDGTO-SMA-MO-00118,Escuela Primaria Simón Bolivar,Escolar,10.0.203.12,192.203.12,NE-SMA-110030195-01,2017,771,Pantoja,110030195,1003,San Miguel de Allende,20.8732395,-100.7889709,11DPR2231H,"Calle S/Nom, Pantoja, 37897, GUA, México",37897
229,119,REDGTO-SMA-MO-00119,Escuela Primaria Melchor Ocampo (Tlaxcalilla),Escolar,10.0.203.14,192.203.14,NE-SMA-110030855-01,2017,1130,Tlaxcalilla,110030855,1003,San Miguel de Allende,20.8891296,-100.8446198,11DPR2456O,"Calle Principal, 37894, GUA, México",37894
264,120,REDGTO-JVR-MO-00120,Escuela Primaria Niños Héroes (El Naranjillo),Escolar,10.0.205.2,192.205.2,NE-JVR-110350037-01,2017,9271,El Naranjillo,110350037,1035,Santa Cruz de Juventino Rosas,20.7152557,-101.0009613,11DPR0314C,"Calle Juventino Rosas 2, El Naranjillo, 38256, GUA, México",38256
265,121,REDGTO-JVR-MO-00121,Telesecundaria Dani Nanhu,Escolar,10.0.205.4,192.205.4,NE-JVR-110350037-02,2017,9271,El Naranjillo,110350037,1035,Santa Cruz de Juventino Rosas,20.7139912,-101.0000763,11ETV0446S,"Calle Juventino Rosas 10A, El Naranjillo, 38256, GUA, México",38256
266,122,REDGTO-JVR-MO-00122,Telesecundaria No. 1050,Escolar,10.0.205.6,192.205.6,NE-JVR-110350050-01,2017,9281,Los Dulces Nombres,110350050,1035,Santa Cruz de Juventino Rosas,20.6555500,-100.9618800,11ETV1050P,"Calle S/Nom, Dulces Nombres (El Ranchito), 38250, GUA, México",38250
267,123,REDGTO-JVR-MO-00123,Escuela Primaria Gabriela Mistral,Escolar,10.0.205.16,192.205.16,NE-JVR-110350050-02,2017,9281,Los Dulces Nombres,110350050,1035,Santa Cruz de Juventino Rosas,20.6542970,-100.9641010,11EPR0873M,"Calle S/Nom, Dulces Nombres (El Ranchito), 38250, GUA, México",38250
268,124,REDGTO-JVR-MO-00124,Escuela Primaria Ignacio Allende,Escolar,10.0.205.18,192.205.18,NE-JVR-110350038-01,2017,9272,San Antonio Nuevo Valencia (La Chiripa),110350038,1035,Santa Cruz de Juventino Rosas,20.6697006,-100.9883270,11DPR0722H,"Calle Ignacio Allende, San Jose Del Sauz (El Sauz), 38256, GUA, México",38256
269,125,REDGTO-JVR-MO-00125,Escuela Primaria Niños Héroes (La Tinaja),Escolar,10.0.205.20,192.168.20,NE-JVR-110350080-01,2017,9306,La Tinaja,110350080,1035,Santa Cruz de Juventino Rosas,20.7050591,-101.0380402,11DPR2077E,"Calle Allende, La Tinaja, 38256, GUA, México",38256
270,126,REDGTO-JVR-MO-00126,Escuela Primaria Felipe Ángeles,Escolar,10.0.205.22,192.205.22,NE-JVR-110350063-01,2017,9293,San José del Sauz,110350063,1035,Santa Cruz de Juventino Rosas,20.6761093,-100.9842911,11DPR2480O,"Calle Adolfo López Mateos, San Jose Del Sauz (El Sauz), 38256, GUA, México",38256
271,127,REDGTO-JVR-MO-00127,Telesecundaria Frida Kahlo,Escolar,10.0.205.24,192.205.24,NE-JVR-110350027-02,2017,9263,Jaralillo,110350027,1035,Santa Cruz de Juventino Rosas,20.6654205,-100.9758530,11ETV0720H,"Calle S/Nom, Jaralillo 1, 38250 Juventino Rosas, GUA, México",38250
272,128,REDGTO-JVR-MO-00128,Telesecundaria Nezahualcóyotl,Escolar,10.0.205.26,192.168.25,NE-JVR-110350080-02,2017,9306,La Tinaja,110350080,1035,Santa Cruz de Juventino Rosas,20.7067400,-101.0352900,11ETV0861G,"Calle Gómez Farías, La Tinaja, 38256, GUA, México",38256
273,129,REDGTO-JVR-MO-00129,Escuela Primaria Octavio Paz,Escolar,10.0.205.28,192.168.28,NE-JVR-110350008-01,2017,9249,El Carmen de Arriba,110350008,1035,Santa Cruz de Juventino Rosas,20.6879902,-101.0627136,11DPR3804L,"Calle S/Nom, 36866, GUA, México",36866
274,130,REDGTO-JVR-MO-00130,Telesecundaria Miguel Hidalgo y Costilla,Escolar,10.0.205.30,10.0.205.30,NE-JVR-110350059-01,2017,9289,San Diego de los Dolores,110350059,1035,Santa Cruz de Juventino Rosas,20.7266026,-101.0317383,11ETV0610B,"Calle 5 de Mayo 14, San Diego De Los Dolores, 38256, GUA, México",38256
275,131,REDGTO-JVR-MO-00131,Escuela Primaria Mtro. Justo Sierra,Escolar,10.0.205.32,192.205.32,NE-JVR-110350059-02,2017,9289,San Diego de los Dolores,110350059,1035,Santa Cruz de Juventino Rosas,20.7262650,-101.0284958,11ETV0610B,"Calle S/Nom, San Diego De Los Dolores, 38256, GUA, México",38256
159,132,REDGTO-PNV-MO-00132,Escuela Primaria Juan Enríquez Pestalozzi,Escolar,10.0.201.4,192.201.4,NE-PNV-110240006-01,2017,6291,Durazno de Fonseca,110240006,1024,Pueblo Nuevo,20.5529194,-101.3123093,11DPR1946W,"Calle Faja de Oro, Durazno De Fonseca (El Durazono), 36896, GUA, México",36896
305,133,REDGTO-VDS-MO-00133,Escuela Primaria Guadalupe Victoria,Escolar,10.0.204.2,192.204.2,NE-VDS-110420208-01,2017,10415,Rancho Cuatro de Altamira,110420208,1042,Valle de Santiago,20.4780293,-101.1811523,11DPR2279A,"Calle S/Nom, 36886 Valle de Santiago, GUA, México",36886
306,134,REDGTO-VDS-MO-00134,Escuela Primaria General Emiliano Zapata,Escolar,10.0.204.4,192.204.4,NE-VDS-110420003-01,2017,10249,Alto de Altamira,110420003,1042,Valle de Santiago,20.4703407,-101.1631165,11DPR2381O,"Calle 20 de Noviembre, 36886 Valle de Santiago, GUA, México",36886
193,135,REDGTO-SAL-MO-00135,Telesecundaria No. 653,Escolar,10.0.200.22,192.200.22,NE-SAL-110270087-01,2017,6833,Loma Pelada,110270087,1027,Salamanca,20.5714378,-101.2979660,11ETV0672O,"Calle Morelos 2, 36874, GUA, México",36874
194,136,REDGTO-SAL-MO-00136,Telesecundaria No. 380,Escolar,10.0.200.20,10.0.200.20,NE-SAL-110270136-01,2017,6875,San Juan de Razos,110270136,1027,Salamanca,20.5527191,-101.2315979,11ETV0393D,"Calle S/Nom, Fracc Pedregal De San Juan, 36782 Salamanca, GUA, México",36782
195,137,REDGTO-SAL-MO-00137,Escuela Primaria Miguel Hidalgo (La Capilla),Escolar,10.0.200.14,192.168.52,NE-SAL-110270042-01,2017,6797,La Capilla,110270042,1027,Salamanca,20.5588799,-101.3003311,11DPR0651D,"Calle Revolución, 36874, GUA, México",36874
327,138,REDGTO-YUR-MO-00138,Parador Gastronómico,Publico,10.0.76.10,10.0.77,NP-YUR-110460001-02,2018,10970,Yuriria,110460001,1046,Yuriria,20.2206100,-101.1377900,2,"Calle Santa María, De Santa Maria, 38947 Yuriria, GUA, México",38947
230,139,REDGTO-SMA-MO-00139,Escuela Primaria Miguel Hidalgo (CPA),Escolar,10.0.203.6,192.203.6,NE-SMA-110030075-01,2017,690,Corral de Piedras de Abajo,110030075,1003,San Miguel de Allende,20.8428200,-100.8223300,11DPR0624G,"Carretera Guanajuato-San Miguel de Allende, Progreso De Begoña, 37898, GUA, México",37898
276,140,REDGTO-JVR-MO-00140,Romero,Publico,10.0.64.26,192.64.25,NP-JVR-110350054-01,2018,9284,Romero,110350054,1035,Santa Cruz de Juventino Rosas,20.7520008,-100.9869995,2,"Calle S/Nom, 38225, GUA, México",38225
277,141,REDGTO-JVR-MO-00141,Mesas de Acosta,Publico,10.0.64.82,192.64.27,NP-JVR-110350033-01,2018,9267,Mesas de Acosta,110350033,1035,Santa Cruz de Juventino Rosas,20.7474804,-101.0765228,2,"Calle S/Nom, Mesas De Acosta, 38257, GUA, México",38257
278,142,REDGTO-JVR-MO-00142,San Antonio de las Maravillas,Publico,10.0.64.22,192.64.21,NP-JVR-110350097-01,2018,9317,San Antonio de las Maravillas,110350097,1035,Santa Cruz de Juventino Rosas,20.5828705,-100.8946915,2,"Calle Veracruz, San Antonio De Maravillas, 38255, GUA, México",38255
279,143,REDGTO-JVR-MO-00143,La Peña,Publico,10.0.64.24,192.64.24,NP-JVR-110350043-01,2018,9275,La Peña (Peña Colorada),110350043,1035,Santa Cruz de Juventino Rosas,20.6755009,-100.9453430,2,"Calle S/Nom, 38250, GUA, México",38250
280,144,REDGTO-JVR-MO-00144,Cerrito de Gasca,Publico,10.0.64.30,192.64.29,NP-JVR-110350009-01,2018,9250,Cerrito de Gasca,110350009,1035,Santa Cruz de Juventino Rosas,20.6171703,-101.0611572,2,"Calle S/Nom, Cerrito De Gasca, 38254, GUA, México",38254
231,158,REDGTO-SMA-MO-00158,Nuevo Cimatario,Publico,10.0.77.28,192.77.27,NP-SMA-110030397-01,2018,877,El Embargo (El Nuevo Cimatario),110030397,1003,San Miguel de Allende,20.8318789,-101.0227700,2,"Calle S/Nom, 37896, GUA, México",37896
232,159,REDGTO-SMA-MO-00159,San Isidro de Ensaye,Publico,192.77.29.3,192.77.29,NP-SMA-110030520-01,2018,919,San Isidro de Ensaye (La Cuevita),110030520,1003,San Miguel de Allende,20.8384495,-101.0377197,2,"Calle S/Nom, 37896, GUA, México",37896
233,160,REDGTO-SMA-MO-00160,San José de Allende,Publico,10.0.77.32,192.77.31,NP-SMA-110030376-01,2018,870,San José de Allende,110030376,1003,San Miguel de Allende,20.8565102,-101.0334396,2,"Carretera a Guanajuato-Juventino Rosas, San Jose De Los Allende, 37896, GUA, México",37896
234,161,REDGTO-SMA-MO-00161,La Biznaga,Publico,10.0.77.34,192.77.33,NP-SMA-110030026-01,2018,655,Biznaga de Jaral,110030026,1003,San Miguel de Allende,21.0253600,-100.6816200,2,"Calle S/Nom, La Biznaga De Cerro Grande, 37883, GUA, México",37883
235,162,REDGTO-SMA-MO-00162,Guadalupe de Támbula,Publico,10.0.77.36,192.77.35,NP-SMA-110030114-01,2018,716,Guadalupe de Támbula,110030114,1003,San Miguel de Allende,20.8686409,-100.5756531,2,"Calle del Pozo, Guadalupe De Tambula, 37887, GUA, México",37887
236,163,REDGTO-SMA-MO-00163,Puerto de Nieto,Publico,10.0.77.38,192.77.37,NP-SMA-110030223-01,2018,788,Puerto de Nieto,110030223,1003,San Miguel de Allende,20.8906803,-100.5381622,2,"Calle Niños Héroes, Puerto De Nieto 1, 37888, GUA, México",37888
237,164,REDGTO-SMA-MO-00164,Moral de Puerto de Nieto,Publico,192.77.39.3,192.77.39,NP-SMA-110030175-01,2018,757,Moral de Puerto de Nieto,110030175,1003,San Miguel de Allende,20.8930893,-100.5147934,2,"Calle Norte, Moral Del Puerto De Nieto, 37888, GUA, México",37888
238,165,REDGTO-SMA-MO-00165,Jalpa,Publico,10.0.77.42,192.77.41,NP-SMA-110030128-01,2018,727,Jalpa,110030128,1003,San Miguel de Allende,20.7689095,-100.6116180,2,"Calle S/Nom, 37887 Jalpa, GUA, México",37887
239,166,REDGTO-SMA-MO-00166,Charco de Sierra,Publico,10.0.77.44,192.77.43,NP-SMA-110030086-01,2018,696,Charco de Sierra,110030086,1003,San Miguel de Allende,20.7277794,-100.6074982,2,"Carretera Comonfort-Queretaro, Charco De La Sierra, 37887 Charco de Sierra, GUA, México",37887
240,167,REDGTO-SMA-MO-00167,Lagunillas,Publico,10.0.77.46,192.77.45,NP-SMA-110030134-01,2018,733,Lagunilla,110030134,1003,San Miguel de Allende,20.8008194,-100.6350708,2,"Calle José Dolores Anaya, Lagunilla, 37887, GUA, México",37887
281,170,REDGTO-JVR-MO-00170,Rosillito,Publico,10.0.64.46,192.64.45,NP-JVR-110350065-01,2020,9295,San Juan de la Cruz,110350065,1035,Santa Cruz de Juventino Rosas,20.6421808,-100.9387052,2,"Camino Real, El Rosillito, 38250, GUA, México",38250
282,171,REDGTO-JVR-MO-00171,Santa María de Guadalupe,Publico,10.0.64.38,192.64.37,NP-JVR-110350205-01,2020,9280,La Purísima,110350049,1035,Santa Cruz de Juventino Rosas,20.6107464,-101.0360031,2,"Calle S/Nom, Santa Maria De Guadalupe, 38255, GUA, México",38255
283,172,REDGTO-JVR-MO-00172,La Chiripa,Publico,10.0.64.85,192.64.33,NP-JVR-110350038-01,2020,9272,San Antonio Nuevo Valencia (La Chiripa),110350038,1035,Santa Cruz de Juventino Rosas,20.6690845,-100.9889984,2,"Calle Corregidora, San Jose Del Sauz (El Sauz), 38243 Juventino Rosas, GUA, México",38243
284,173,REDGTO-JVR-MO-00173,La Tinaja,Publico,10.0.64.32,192.64.31,NP-JVR-110350080-01,2020,9306,La Tinaja,110350080,1035,Santa Cruz de Juventino Rosas,20.7052784,-101.0381165,2,"Calle Ignacio Aldama, La Tinaja, 38256, GUA, México",38256
285,174,REDGTO-JVR-MO-00174,La Esperanza,Publico,10.0.64.36,192.64.35,NP-JVR-110350098-01,2020,9318,La Esperanza,110350098,1035,Santa Cruz de Juventino Rosas,20.6031990,-100.9199448,2,"Calle S/Nom, La Esperanza, 38255 Franco Tavera, GUA, México",38255
286,175,REDGTO-JVR-MO-00175,Tejada,Publico,10.0.64.42,192.64.35,NP-JVR-110350102-01,2020,9319,Tejada,110350102,1035,Santa Cruz de Juventino Rosas,20.5848198,-101.0376358,2,"Calle S/Nom, Tejada, 38255, GUA, México",38255
287,176,REDGTO-JVR-MO-00176,La Purísima,Publico,10.0.64.40,192.64.35,NP-JVR-110350205-02,2020,9280,La Purísima,110350049,1035,Santa Cruz de Juventino Rosas,20.6320686,-101.0487595,2,"Calle S/Nom, Purisima 1, 38254, GUA, México",38254
288,177,REDGTO-JVR-MO-00177,Laguna Seca,Publico,10.0.64.44,192.64.43,NP-JVR-110350086-01,2020,9312,Laguna Seca de San Isidro,110350086,1035,Santa Cruz de Juventino Rosas,20.6806889,-101.0466461,2,"Calle S/Nom, 36866, GUA, México",36866
319,178,REDGTO-VLG-MO-00178,CECYTEG Villagrán,Escolar,10.0.14.14,192.14.14,NE-VLG-110440023-01,2021,10731,Mexicanos,110440023,1044,Villagran,20.5496690,-101.0757510,11ETC0011S,"Calle S/Nom, Mexicanos, 38271, GUA, México",38271
24,179,REDGTO-COM-MO-00179,Escuela Primaria Rafael Ramírez,Escolar,10.0.202.10,192.202.10,NE-COM-110090160-01,2021,2574,San Isidro de San Jerónimo,110090160,1009,Comonfort,20.7636670,-100.7659090,11DPR3873H,"Avenida del Trabajo, San Isidro De San Jeronimo, 38207, GUA, México",38207
293,180,REDGTO-SGM-MO-00180,Escuela Primaria Cuauhtémoc,Escolar,10.0.212.4,192.200.60,NE-SGM-110360008-01,2021,9475,Santa Teresa (La Majada),110360008,1036,Santiago Maravatio,20.1848420,-100.9622190,11DPR0579K,"Calle Miguel Hidalgo, La Majada (Santa Teresa), 38975, GUA, México",38975
294,181,REDGTO-SGM-MO-00181,Telesecundaria No. 659,Escolar,10.0.212.2,192.212.2,NE-SGM-110360008-02,2021,9475,Santa Teresa (La Majada),110360008,1036,Santiago Maravatio,20.1862750,-100.9610730,11ETV0729Z,"Calle S/Nom, La Majada (Santa Teresa), 38975, GUA, México",38975
196,182,REDGTO-SAL-MO-00182,Preescolar Rafael Ramírez,Escolar,10.0.200.54,192.54.1,NE-SAL-110270159-02,2022,6893,Valencia de Cerro Gordo,110270159,1027,Salamanca,20.5992690,-101.0815160,11DJN0756H,"Calle S/Nom, Valencia, 36867, GUA, México",36867
55,183,REDGTO-IRA-MO-00183,UMAPS Venado de Yostiro,Publico,10.0.80.34,192.80.34,NP-IRA-110170183-01,2023,4095,El Venado de Yóstiro,110170183,1017,Irapuato,20.5783100,-101.4346440,11SDJ0987A,"Calle S/Nom, Venado De Yostiro, 36847, GUA, México",36847
56,185,REDGTO-IRA-MO-00185,Aldama,Publico,10.0.80.14,192.80.14,NP-IRA-110170095-01,2024,4029,Aldama,110170095,1017,Irapuato,20.8172200,-101.3152780,2,"Calle S/Nom, Aldama, 36815, GUA, México",36815
57,186,REDGTO-IRA-MO-00186,Calera,Publico,10.0.80.12,192.80.12,NP-IRA-110170062-01,2024,4004,La Calera,110170062,1017,Irapuato,20.8013890,-101.3352780,2,"Calle Jardín Hidalgo 5, La Calera, 36810, GUA, México",36810
58,187,REDGTO-IRA-MO-00187,Cuchicuato,Publico,10.0.80.6,192.80.6,NP-IRA-110170082-01,2024,4019,Cuchicuato,110170082,1017,Irapuato,20.6594440,-101.4633330,2,"Calle Libertad 3B, Cuchicuato, 36803, GUA, México",36803
59,188,REDGTO-IRA-MO-00188,Ex Hacienda,Publico,10.0.80.30,192.80.30,NP-IRA-110170102-01,2024,4034,Hacienda de Márquez,110170102,1017,Irapuato,20.7822220,-101.3591670,2,"Avenida del Trabajo, Marquez, 36814, GUA, México",36814
60,189,REDGTO-IRA-MO-00189,Lo de Juárez,Publico,10.0.80.28,192.80.28,NP-IRA-110170099-01,2024,4031,Lo de Juárez,110170099,1017,Irapuato,20.7705560,-101.3419440,2,"Calle Venustiano Carranza 194, Lo De Juarez, 36821 Irapuato, GUA, México",36821
61,190,REDGTO-IRA-MO-00190,San Antonio Chico,Publico,10.0.80.38,192.80.38,NP-IRA-110170134-01,2024,4059,San Antonio de Chico,110170134,1017,Irapuato,20.6275000,-101.2836110,2,"Calle Santa Coloma, San Antonio De Chico, 36844 Irapuato, GUA, México",36844
62,191,REDGTO-IRA-MO-00191,San Antonio Rico,Publico,10.0.80.16,192.80.16,NP-IRA-110170137-01,2024,4061,San Antonio el Rico,110170137,1017,Irapuato,20.8219440,-101.3722220,2,"Calle S/Nom, San Antonio El Rico, 36813, GUA, México",36813
63,192,REDGTO-IRA-MO-00192,Tomelopez,Publico,10.0.80.32,192.80.32,NP-IRA-110170176-01,2024,4090,Tomelópez,110170176,1017,Irapuato,20.6008330,-101.3733330,2,"Calle Guanajuato, Tomelopez, 36846 Irapuato, GUA, México",36846
64,193,REDGTO-IRA-MO-00193,Tomelopitos,Publico,10.0.80.24,192.80.24,NP-IRA-110170177-01,2024,4091,Tomelopitos,110170177,1017,Irapuato,20.5941670,-101.3672220,2,"Avenida Misericordia 56, Tomelopitos, 36840 Irapuato, GUA, México",36840
65,194,REDGTO-IRA-MO-00194,Venado de Yóstiro,Publico,10.0.80.8,192.80.8,NP-IRA-110170183-02,2024,4095,El Venado de Yóstiro,110170183,1017,Irapuato,20.5782591,-101.4347080,2,"Calle S/Nom, Venado De Yostiro, 36847, GUA, México",36847
66,195,REDGTO-IRA-MO-00195,San Roque,Publico,10.0.80.10,192.80.10,NP-IRA-110170161-01,2024,4078,San Roque,110170161,1017,Irapuato,20.5991670,-101.3425000,2,"Calle Benito Juárez, San Roque, 36843 Irapuato, GUA, México",36843
67,196,REDGTO-IRA-MO-00196,Carrizal,Publico,10.0.80.22,192.80.22,NP-IRA-110170068-01,2024,4008,El Carrizal Grande,110170068,1017,Irapuato,20.7150000,-101.3030560,2,"Privada del Río 24, Carrizal Grande, 36822 Irapuato, GUA, México",36822
68,197,REDGTO-IRA-MO-00197,Purisima del Progreso,Publico,10.0.80.18,192.80.18,NP-IRA-110170343-01,2024,4137,Purísima del Progreso,110170343,1017,Irapuato,20.7938890,-101.3308330,2,"Calle Cajones, Purisima Del Progreso, 36810, GUA, México",36810
69,198,REDGTO-IRA-MO-00198,Plaza Hidalgo (Irapuato Centro),Publico,192.168.16.118,192.168.31,NP-IRA-110170001-02,2024,4000,Irapuato,110170001,1017,Irapuato,20.6741520,-101.3458650,2,"Fuentes, Centro Historico (Zona Centro), 36500 Irapuato, GUA, México",36500
70,199,REDGTO-IRA-MO-00199,Plaza del Artista (Irapuato Centro),Publico,192.168.16.117,192.168.29,NP-IRA-110170001-03,2024,4000,Irapuato,110170001,1017,Irapuato,20.6724650,-101.3459060,2,"Teatro de la Ciudad, Avenida Álvaro Obregón, Centro Historico (Zona Centro), 36588 Irapuato, GUA, México",36588
71,200,REDGTO-IRA-MO-00200,Centro de Gobierno (Irapuato Centro),Publico,192.168.16.112,192.168.30,NP-IRA-110170001-04,2024,4000,Irapuato,110170001,1017,Irapuato,20.6721233,-101.3455144,2,"Centro de Gobierno de Irapuato, Avenida Álvaro Obregón 148, Centro Historico (Zona Centro), 36588 Irapuato, GUA, México",36588
72,201,REDGTO-IRA-MO-00201,Presidencia Municipal (irapuato),Publico,192.168.16.122,192.168.21,NP-IRA-110170001-05,2024,4000,Irapuato,110170001,1017,Irapuato,20.6723519,-101.3477105,2,"Calle Ramón Corona 112, El Campanario, 36588 Irapuato, GUA, México",36588
73,202,REDGTO-IRA-MO-00202,Plaza Principal (Irapuato Centro),Publico,192.168.16.119,192.168.22,NP-IRA-110170001-06,2024,4000,Irapuato,110170001,1017,Irapuato,20.6730834,-101.3475818,2,"Calle Sor Juana Inés de la Cruz, Centro Historico (Zona Centro), 36500 Irapuato, GUA, México",36500
74,203,REDGTO-IRA-MO-00203,Templo del Hospitalito (Irapuato Centro),Publico,192.168.16.125,192.168.23,NP-IRA-110170001-07,2024,4000,Irapuato,110170001,1017,Irapuato,20.6728541,-101.3482047,2,"Calle Sor Juana Inés de la Cruz, Centro Historico (Zona Centro), 36500 Irapuato, GUA, México",36500
75,204,REDGTO-IRA-MO-00204,Plaza Principal 2 (Irapuato Centro),Publico,192.168.16.120,192.168.24,NP-IRA-110170001-08,2024,4000,Irapuato,110170001,1017,Irapuato,20.6722970,-101.3473602,2,"Calle Ramón Corona 112, El Campanario, 36588 Irapuato, GUA, México",36588
76,205,REDGTO-IRA-MO-00205,Sor Juana Inés de la Cruz (Irapuato Centro),Publico,192.168.16.123,192.168.25,NP-IRA-110170001-09,2024,4000,Irapuato,110170001,1017,Irapuato,20.6730163,-101.3478520,2,"Calle Sor Juana Inés de la Cruz, Centro Historico (Zona Centro), 36500 Irapuato, GUA, México",36500
77,206,REDGTO-IRA-MO-00206,Plaza de los Fundadores (Irapuato Centro),Publico,192.168.16.116,192.168.26,NP-IRA-110170001-10,2024,4000,Irapuato,110170001,1017,Irapuato,20.6726163,-101.3481454,2,"FUENTE DE CARACOLES DE IRAPUATO, Calle Ramón Barreto de Tábora, De La Piedra Lisa, 36510 Irapuato, GUA, México",36510
197,207,REDGTO-SAL-MO-00207,Escuela Primaria Bartolomé Sánchez Torrado,Escolar,10.0.90.31,192.90.31,NE-SAL-110270001-01,2024,6785,Salamanca,110270001,1027,Salamanca,20.5455055,-101.1948636,11DPR3665A,"Calle Jaime Nunó 301, San Jose De Los Naranjos, 36775 Salamanca, GUA, México",36775
1,208,REDGTO-ABA-MO-00208,Escuela Primaria Ignacio M. Altamirano,Escolar,10.0.80.46,192.80.46,NE-ABA-110010005-01,2024,4,San Francisco de Horta (El Alacrán),110010005,1001,Abasolo,20.6215810,-101.5308460,11DPR1568L,"Calle Luis Donaldo Colosio, San Francisco De Horta(el Gato), 36984, GUA, México",36984
2,209,REDGTO-ABA-MO-00209,Telesecundaria No. 308,Escolar,10.0.80.44,192.80.44,NE-ABA-110010056-01,2024,33,Horta (San Antonio de Horta),110010056,1001,Abasolo,20.6286100,-101.5106100,11ETV0302W,"Calle San Antonio, Horta, 36984, GUA, México",36984
3,210,REDGTO-ABA-MO-00210,Escuela Primaria Miguel Hidalgo (Horta),Escolar,10.0.80.42,192.80.42,NE-ABA-110010056-02,2024,33,Horta (San Antonio de Horta),110010056,1001,Abasolo,20.6282450,-101.5107070,11EPR0005X,"Calle San Antonio, Horta, 36984, GUA, México",36984
78,211,REDGTO-IRA-MO-00211,Escuela Primaria Melchor Ocampo (El Coecillo),Escolar,10.0.80.48,192.80.48,NE-IRA-110170072-01,2024,4012,El Coecillo,110170072,1017,Irapuato,20.6336500,-101.4069400,11DPR1410M,"Calle Francisco Javier Mina, El Coecillo, 36830 Irapuato, GUA, México",36830
79,212,REDGTO-IRA-MO-00212,Escuela Primaria Emiliano Zapata (Bernalejo),Escolar,10.0.80.54,192.80.54,NE-IRA-110170148-01,2024,4069,San José de Bernalejo (El Guayabo),110170148,1017,Irapuato,20.6399000,-101.4023920,11DPR0735L,"Calle S/Nom, San Jose De Bernalejo (El Guayabo), 36830 Irapuato, GUA, México",36830
80,213,REDGTO-IRA-MO-00213,Fuente Diente de León,Publico,192.168.16.121,192.168.32,NP-IRA-110170001-11,2024,4000,Irapuato,110170001,1017,Irapuato,20.6725900,-101.3467400,2,"Andador Juárez, Centro Historico (Zona Centro), 36500 Irapuato, GUA, México",36500
138,214,REDGTO-LEO-MO-00214,SABES Valle de Señora,Escolar,10.1.101.4,192.101.4,NE-LEO-110200001-03,2024,4802,León de los Aldama,110200001,1020,Leon,21.1591800,-101.6510840,11ETH0002F,"Calle Cadmio 269, Privanza, 37218 León, GUA, México",37218
139,215,REDGTO-LEO-MO-00215,SABES Ibarrilla,Escolar,10.1.101.6,192.101.6,NE-LEO-110200340-01,2024,4839,Ibarrilla,110200340,1020,Leon,21.1873000,-101.6450000,11ETH0275W,"Callejón de la Escuela 108, Rinconada De Ibarrilla, 37207 Ibarrilla, GUA, México",37207
140,216,REDGTO-LEO-MO-00216,SABES El Vergel,Escolar,10.1.200.40,192.200.40,NE-LEO-110200001-04,2024,4802,León de los Aldama,110200001,1020,Leon,21.1245280,-101.6011110,11ETH0120U,"Calle Potrero de Tepaca, Desarrollo El Potrero, 37296 León, GUA, México",37296
141,217,REDGTO-LEO-MO-00217,SABES Arboledas de Los López,Escolar,10.1.101.10,192.101.10,NE-LEO-110201093-01,2024,5165,Arboledas de los López Primera Sección,110201093,1020,Leon,21.0476270,-101.5820490,11ETH0299F,"Calle Duraznal, Las Arboledas, 37685 León, GUA, México",37685
142,218,REDGTO-LEO-MO-00218,SABES Los Ramírez,Escolar,10.1.101.12,192.101.12,NE-LEO-110200413-01,2024,4873,Los Ramírez,110200413,1020,Leon,21.0113330,-101.6514860,11ETH0119E,"Calle S/Nom, Los Ramirez, 37688, GUA, México",37688
219,219,REDGTO-SFR-MO-00219,SABES San Cristóbal,Escolar,10.1.101.14,192.101.14,NE-SFR-110310061-01,2024,8158,San Cristóbal (El Cerrito),110310061,1031,San Francisco del Rincon,20.9813300,-101.7005500,11ETH0016I,"Calle S/Nom, 36460, GUA, México",36460
143,220,REDGTO-LEO-MO-00220,SABES San Pedro del Monte,Escolar,10.1.101.18,192.101.18,NE-LEO-110200460-01,2024,4897,San Pedro del Monte (La Huizachera),110200460,1020,Leon,21.0306560,-101.7157150,11ETH0011N,"Calle de las Cordilleras, San Pedro Del Monte I, 37660 León, GUA, México",37660
144,221,REDGTO-LEO-MO-00221,SABES Lagunillas,Escolar,10.1.101.15,192.101.15,NE-LEO-110200348-02,2024,4843,Lagunillas,110200348,1020,Leon,21.2017850,-101.7638600,11ETH0005C,"Circuitos Los Jacales, Lagunillas, 37669 León, GUA, México",37669
145,222,REDGTO-LEO-MO-00222,SABES Jacinto López,Escolar,10.1.101.22,192.101.22,NE-LEO-110200001-05,2024,4802,León de los Aldama,110200001,1020,Leon,21.0932420,-101.7507900,11ETH0289Z,"Calle Jesús Urueta 224, Periodistas Mexicanos (Jacinto Lopez Moreno), 37433 León, GUA, México",37433
198,223,REDGTO-SAL-MO-00223,SABES Valtierrilla,Escolar,10.0.101.32,192.101.32,NE-SAL-110270161-01,2024,6895,Valtierrilla,110270161,1027,Salamanca,20.5345030,-101.1332030,11ETH0028N,"Calle S/Nom, 36883 Valtierrilla, GUA, México",36883
199,224,REDGTO-SAL-MO-00224,SABES Congregación de Cárdenas,Escolar,10.0.101.38,192.101.38,NE-SAL-110270043-01,2024,6798,Cárdenas,110270043,1027,Salamanca,20.6286170,-101.2173470,11ETH0199G,"Calle Cebolla 120, El Fuerte Ii Seccion, 36877 Salamanca, GUA, México",36877
200,225,REDGTO-SAL-MO-00225,SABES Loma de Flores,Escolar,10.0.101.36,192.101.36,NE-SAL-110270086-01,2024,6832,Loma de Flores,110270086,1027,Salamanca,20.6809360,-101.2632390,11ETH0027O,"Calle S/Nom, Loma De Flores, 36856, GUA, México",36856
307,226,REDGTO-VDS-MO-00226,SABES El Pitahayo,Escolar,10.0.101.20,192.101.20,NE-VDS-110420067-01,2024,10306,El Pitahayo,110420067,1042,Valle de Santiago,20.4715010,-101.1346530,11ETH0147A,"Calle S/Nom, 36886 Valle de Santiago, GUA, México",36886
201,227,REDGTO-SAL-MO-00227,SABES La Capilla,Escolar,10.0.101.40,192.101.40,NE-SAL-110270042-02,2024,6797,La Capilla,110270042,1027,Salamanca,20.5695170,-101.3017060,11ETH0025Q,"Calle S/Nom, Loma De San Antonio, 36870, GUA, México",36870
15,228,REDGTO-CEL-MO-00228,SABES Crespo,Escolar,10.0.101.44,192.101.44,NE-CEL-110070154-01,2024,1716,San Isidro Crespo,110070154,1007,Celaya,20.5121460,-100.8828350,11ETH0043F,"Avenida Guanajuato 12, Segunda Fraccion De Crespo, 38115, GUA, México",38115
16,229,REDGTO-CEL-MO-00229,SABES Roque,Escolar,10.0.101.60,192.101.60,NE-CEL-110070146-01,2024,1709,Roque,110070146,1007,Celaya,20.5810010,-100.8330400,11ETH0048A,"Calle S/Nom, Magisterial, 38124, GUA, México",38124
17,230,REDGTO-CEL-MO-00230,SABES San Miguel de Octopan,Escolar,10.0.101.58,192.101.58,NE-CEL-110070165-01,2024,1725,San Miguel Octopan,110070165,1007,Celaya,20.5686090,-100.7509020,11ETH0049Z,"Calle San Juanito, La Cruz, 38130 San Miguel Octopan, GUA, México",38130
18,231,REDGTO-CEL-MO-00231,SABES Santa Teresa (Celaya),Escolar,10.0.101.56,192.101.56,NE-CEL-110070177-01,2024,1732,Santa Teresa,110070177,1007,Celaya,20.6356210,-100.8595640,11ETH0249Y,"Calle S/Nom, SANTA TERESA, 38106, GUA, México",38106
289,232,REDGTO-JVR-MO-00232,SABES Tavera,Escolar,10.0.101.50,192.101.50,NE-JVR-110350078-01,2024,9304,Franco Tavera,110350078,1035,Santa Cruz de Juventino Rosas,20.6031160,-100.9225770,11ETH0066Q,"Calle S/Nom, La Esperanza, 38255 Franco Tavera, GUA, México",38255
290,233,REDGTO-JVR-MO-00233,SABES Cabecera Municipal (Juventino Rosas),Escolar,10.0.101.48,192.101.48,NE-JVR-110350001-01,2024,9243,Juventino Rosas,110350001,1035,Santa Cruz de Juventino Rosas,20.6422190,-101.0014410,11ETH0065R,"Bachillerato SABES Cabecera Juventino Rosas, Prolongación Francisco I. Madero, 12 De Noviembre, 38246 Juventino Rosas, GUA, México",38246
241,234,REDGTO-SMA-MO-00234,SABES Agustín González,Escolar,10.0.101.46,192.101.46,NE-SMA-110030006-03,2024,642,Agustín González,110030006,1003,San Miguel de Allende,20.8631140,-100.8521690,11ETH0095L,"Calle Emiliano Zapata, Agustin Gonzalez, 37898, GUA, México",37898
320,235,REDGTO-VLG-MO-00235,SABES Cabecera Municipal (Villagrán),Escolar,10.0.101.52,192.101.52,NE-VLG-110440001-01,2024,10720,Villagrán,110440001,1044,Villagran,20.5232700,-100.9984000,11ETH0067P,"UNIDEG Villagrán, Camino al Centro Gerontologico, Satilete Ii, 38260 Villagrán, GUA, México",38260
321,236,REDGTO-VLG-MO-00236,SABES Torrecillas,Escolar,10.0.101.54,192.101.54,NE-VLG-110440048-01,2024,10747,San Salvador Torrecillas,110440048,1044,Villagran,20.5607650,-100.9586240,11ETH0070C,"Calle S/Nom, San Salvador Torrecillas, 38293, GUA, México",38293
25,237,REDGTO-COM-MO-00237,SABES Orduña,Escolar,10.0.101.64,192.101.68,NE-COM-110090029-01,2024,2481,Orduña de Abajo,110090029,1009,Comonfort,20.7529290,-100.7804340,11ETH0103D,"Calle Morelos, Orduña De Abajo, 38205, GUA, México",38205
26,238,REDGTO-COM-MO-00238,SABES Jalpilla,Escolar,10.0.101.62,192.101.62,NE-COM-110090014-03,2024,2469,Jalpilla,110090014,1009,Comonfort,20.7385960,-100.7158700,11ETH0055K,"Calle S/Nom, Nuños Heroes, 38215, GUA, México",38215
19,239,REDGTO-CEL-MO-00239,SABES San José de Guanajuato,Escolar,10.0.101.68,192.101.68,NE-CEL-110070159-01,2024,1720,San José de Guanajuato,110070159,1007,Celaya,20.5539550,-100.8909570,11ETH0102E,"Calle Miguel Alemán, San Jose De Guanajuato, 38114, GUA, México",38114
39,240,REDGTO-COR-MO-00240,SABES Tierra Fría,Escolar,10.0.101.66,192.101.66,NE-COR-110110054-01,2024,2713,Tierra Fría,110110054,1011,Cortazar,20.4624100,-101.0261960,11ETH0057I,"Camino al Colorado, El Colorado, 38494, GUA, México",38494
242,241,REDGTO-SMA-MO-00241,SABES Cruz del Palmar,Escolar,10.0.101.70,192.101.70,NE-SMA-110030083-01,2024,694,La Cruz del Palmar,110030083,1003,San Miguel de Allende,20.9675260,-100.8471190,11ETH0272Z,"Calle Revolución, Cruz Del Palmar, 37893, GUA, México",37893
243,242,REDGTO-SMA-MO-00242,SABES Atotonilco,Escolar,10.0.101.72,192.101.72,NE-SMA-110030015-01,2024,647,Santuario de Atotonilco,110030015,1003,San Miguel de Allende,21.0077360,-100.7974810,11ETH0061V,"Calle S/Nom, Atotonilco El Viejo, 37893, GUA, México",37893
244,243,REDGTO-SMA-MO-00243,SABES Los López,Escolar,10.0.101.74,192.101.74,NE-SMA-110030774-01,2024,1070,Los López,110030774,1003,San Miguel de Allende,20.9335550,-100.7845620,11ETH0225O,"Calle S/Nom, Los Lopez (Los Lopez De Tirado), 37897, GUA, México",37897
245,244,REDGTO-SMA-MO-00244,SABES Cabecera Municipal (SMA),Escolar,10.0.101.76,192.101.76,NE-SMA-110030001-01,2024,637,San Miguel de Allende,110030001,1003,San Miguel de Allende,20.9068400,-100.7198350,11ETH0185D,"Centro penitenciario, Boulevard de la Conspiración, Infonavit La Luz, 37746 San Miguel de Allende, GUA, México",37746
119,245,REDGTO-JAR-MO-00245,SABES Cabecera Municipal (Jaral del Progreso),Escolar,10.0.101.78,192.101.78,NE-JAR-110180001-01,2024,4539,Jaral del Progreso,110180001,1018,Jaral del Progreso,20.3670900,-101.0606190,11ETH0291N,"Calle S/Nom, Posito Santo, 38473 Jaral del Progreso, GUA, México",38473
202,246,REDGTO-SAL-MO-00246,Escuela Primaria Margarita Maza de Juárez(RG),Escolar,10.0.200.62,192.200.62,NE-SAL-110270119-01,2024,6861,Rivera de Guadalupe,110270119,1027,Salamanca,20.5051560,-101.1648330,11EPR0589Q,"Calle S/Nom, 36886 Salamanca, GUA, México",36886
120,247,REDGTO-JAR-MO-00247,SABES Santiago Capitiro,Escolar,10.0.101.80,192.101.80,NE-JAR-110180030-01,2024,4560,Santiago Capitiro,110180030,1018,Jaral del Progreso,20.3068240,-101.0112890,11ETH0058H,"Calle Lindero de Trojes, Santiago Capitiro, 38484, GUA, México",38484
121,248,REDGTO-JAR-MO-00248,SABES Victoria de Cortazar,Escolar,10.0.101.82,192.101.82,NE-JAR-110180035-01,2024,4564,Victoria de Cortazar,110180035,1018,Jaral del Progreso,20.3366900,-101.0332430,11ETH0059G,"Calle General Guadalupe Victoria 116, Victoria De Cortazar, 38480, GUA, México",38480
81,249,REDGTO-IRA-MO-00249,SABES San Roque,Escolar,10.0.101.84,192.101.84,NE-IRA-110170161-01,2024,4078,San Roque,110170161,1017,Irapuato,20.5961510,-101.3327540,11ETH0111M,"Calle Río Pánuco 10, Bellavista, 36843 Irapuato, GUA, México",36843
82,250,REDGTO-IRA-MO-00250,SABES Tomelopez,Escolar,10.0.101.86,192.101.86,NE-IRA-110170176-01,2024,4090,Tomelópez,110170176,1017,Irapuato,20.5996190,-101.3790320,11ETH0022T,"Calle S/Nom, San Agustin El Alto (La Araña), 36846 Irapuato, GUA, México",36846
20,251,REDGTO-CEL-MO-00251,SABES Col. del Bosque,Escolar,10.0.101.88,192.101.88,NE-CEL-110070001-01,2024,1675,Celaya,110070001,1007,Celaya,20.5069450,-100.7909180,11ETH0098I,"Calle Framboyán 900, Jardines De Celaya 3 Ra Secc, 38080 Celaya, GUA, México",38080
27,252,REDGTO-COM-MO-00252,SABES Pocitos de Corrales,Escolar,10.0.101.90,192.101.90,NE-COM-110090034-01,2024,2485,Pocitos de Corrales,110090034,1009,Comonfort,20.7187330,-100.9405860,11ETH0265P,"Álvaro Obregón, Pocito De Corrales, 38225, GUA, México",38225
83,253,REDGTO-IRA-MO-00253,SABES Aldama,Escolar,10.0.101.92,192.101.92,NE-IRA-110170095-01,2024,4029,Aldama,110170095,1017,Irapuato,20.8209610,-101.3097470,11ETH0019F,"Calle Plan de Ayala 8, Aldama, 36815, GUA, México",36815
84,254,REDGTO-IRA-MO-00254,SABES La Calera,Escolar,10.0.101.94,192.101.94,NE-IRA-110170062-01,2024,4004,La Calera,110170062,1017,Irapuato,20.8011440,-101.3343580,11ETH0020V,"Calle Niños Héroes 6, La Calera, 36810, GUA, México",36810
85,255,REDGTO-IRA-MO-00255,SABES San Cristóbal (Irapuato),Escolar,10.0.101.98,192.101.98,NE-IRA-110170138-01,2024,4062,San Cristóbal,110170138,1017,Irapuato,20.6547270,-101.4759980,11ETH0021U,"Calle Vallarta 48, San Cristobal, 36800, GUA, México",36800
86,256,REDGTO-IRA-MO-00256,SABES La Soledad,Escolar,10.0.101.96,192.101.96,NE-IRA-110170881-01,2024,4465,La Soledad,110170881,1017,Irapuato,20.6062670,-101.4153610,11ETH0113K,"Calle S/Nom, La Soledad, 36835 Irapuato, GUA, México",36835
87,257,REDGTO-IRA-MO-00257,SABES Laguna Larga,Escolar,10.0.101.100,"192,101,100",NE-IRA-110170096-01,2024,4030,Laguna Larga,110170096,1017,Irapuato,20.5426982,-101.4803919,11ETH0110N,"Calle S/Nom, Laguna Larga, 36836, GUA, México",36836
88,258,REDGTO-IRA-MO-00258,SABES Valencianita,Escolar,10.0.101.104,"192,101,104",NE-IRA-110170181-01,"2,024",4094,Valencianita,110170181,1017,Irapuato,20.7470220,-101.3047310,11ETH0023S,"Calle Pino, Valencianita, 36824 Irapuato, GUA, México",36824
89,259,REDGTO-IRA-MO-00259,SABES El Carrizal,Escolar,10.0.101.102,"192,101,102",NE-IRA-110170068-01,"2,024",4008,El Carrizal Grande,110170068,1017,Irapuato,20.7047710,-101.3070160,11ETH0195K,"Calle Pinos, Loma Bonita, 36822 Irapuato, GUA, México",36822
90,260,REDGTO-IRA-MO-00260,SABES Primaveral,Escolar,10.0.101.108,"192,101,108",NE-IRA-110170001-01,"2,024",4000,Irapuato,110170001,1017,Irapuato,20.6583610,-101.3938000,11ETH0108Z,"Cenit, Primaveral, 36554 Irapuato, GUA, México",36554
40,261,REDGTO-COR-MO-00261,SABES Santa Fe de la Purísima,Escolar,10.0.101.106,"192,101,106",NE-COR-110110050-01,"2,024",2709,Santa Fe de la Purísima,110110050,1011,Cortazar,20.4953210,-100.8909460,11ETH0300E,"Calle S/Nom, 38116, GUA, México",38116
28,262,REDGTO-COM-MO-00262,SABES Empalme de Escobedo,Escolar,10.0.101.112,"192,101,112",NE-COM-110090010-01,"2,024",2466,Empalme Escobedo,110090010,1009,Comonfort,20.6725000,-100.7497380,11ETH0052N,"Calle Benito Juárez, Lázaro Cárdenas, 38210 Empalme Escobedo, GUA, México",38210
213,263,REDGTO-SLV-MO-00263,SABES Maravatío del Encinal,Escolar,10.0.101.114,"192,101,114",NE-SLV-110280031-01,"2,024",7231,Maravatío del Encinal,110280031,1028,Salvatierra,20.2024300,-100.9646450,11ETH0231Z,"Calle Ignacio Zaragoza 101, Maravatio Del Encinal, 38931, GUA, México",38931
301,264,REDGTO-TAR-MO-00264,SABES Galera de Panales,Escolar,10.0.101.122,"192,101,122",NE-TAR-110390016-01,"2,024",10011,Galera de Panales,110390016,1039,Tarimoro,20.2947530,-100.8092220,11ETH0144D,"Calle S/Nom, Galera De Panales, 38710, GUA, México",38710
146,265,REDGTO-LEO-MO-00265,SABES Nuevo Valle de Moreno,Escolar,10.1.101.128,"192,101,128",NE-LEO-110200386-01,"2,024",4863,Nuevo Valle de Moreno,110200386,1020,Leon,21.2065290,-101.4249660,11ETH0253K,"Calle S/Nom, 37654 Nuevo Valle de Moreno, GUA, México",37654
214,266,REDGTO-SLV-MO-00266,SABES Manríquez,Escolar,10.0.101.130,"192,101,130",NE-SLV-110280076-01,"2,024",7259,Manríquez,110280076,1028,Salvatierra,20.1791720,-100.8916680,11ETH0270A,"Carretera Salvatierra-Acámbaro, Division Del Norte, 38900 Salvatierra, GUA, México",38900
308,267,REDGTO-VDS-MO-00267,SABES San Vicente de Garma,Escolar,10.0.101.132,"192,101,132",NE-VDS-110420121-01,"2,024",10354,San Vicente de Garma (Garma),110420121,1042,Valle de Santiago,20.4272340,-101.2123180,11ETH0209X,"Privada Azucena, San Vicente (San Vicente De Garma), 38424 Valle de Santiago, GUA, México",38424
215,268,REDGTO-SLV-MO-00268,SABES Urireo,Escolar,10.0.101.124,"192,101,124",NE-SLV-110280064-01,"2,024",7256,Urireo,110280064,1028,Salvatierra,20.2184490,-100.8465280,11ETH0138T,"Cerrada Juárez, 38903 Urireo, GUA, México",38903
216,269,REDGTO-SLV-MO-00269,SABES Ranchito San José del Carmen,Escolar,10.0.101.120,"192,101,120",NE-SLV-110280046-01,"2,024",7243,El Salvador (Ranchito San José del Carmen),110280046,1028,Salvatierra,20.2865180,-100.8804030,11ETH0171A,"Calle S/Nom, Ranchito De San Jose Del Carmen, 38910, GUA, México",38910
41,270,REDGTO-COR-MO-00270,SABES La Gavia,Escolar,10.0.101.116,"192,101,116",NE-COR-110110019-01,"2,024",2684,La Gavia,110110019,1011,Cortazar,20.3950000,-100.8805000,11ETH0230Z,"Calle Morelos, La Gavia, 38498, GUA, México",38498
42,271,REDGTO-COR-MO-00271,SABES Cañada de Caracheo,Escolar,10.0.101.118,"192,101,118",NE-COR-110110006-01,"2,024",2674,Cañada de Caracheo,110110006,1011,Cortazar,20.3755000,-100.9458000,11ETH0056J,"Calle Francisco I. Madero 169, Guadalupe, 38490, GUA, México",38490
328,272,REDGTO-YUR-MO-00272,SABES Loma de Zempoala,Escolar,10.0.101.110,"192,101,110",NE-YUR-110460029-01,"2,024",10994,Loma de Zempoala,110460029,1046,Yuriria,20.2953360,-101.0817580,11ETH0235V,"Calle S/Nom, Loma de Zempoala, 38486, GUA, México",38486
295,273,REDGTO-SIL-MO-00273,SABES Cándido Navarro,Escolar,10.0.101.134,"192,101,134",NE-SIL-110370004-01,"2,024",9485,La Aldea,110370004,1037,Silao de la Victoria,20.9018000,-101.4840000,11ETH0030B,"Jardin de Niños Gabriela Mistral, Calle Miguel Alemán, La Aldea, 36280 Silao, GUA, México",36280
48,274,REDGTO-GTO-MO-00274,SABES Santa Teresa (Guanajuato),Escolar,10.0.101.138,"192,101,138",NE-GTO-110150111-01,"2,024",3740,Santa Teresa,110150111,1015,Guanajuato,20.9552350,-101.3157280,11ETH0191O,"Avenida Juárez 5, 36260 Santa Teresa, GUA, México",36260
49,275,REDGTO-GTO-MO-00275,SABES Puentecillas,Escolar,10.0.101.136,"192,101,136",NE-GTO-110150091-01,"2,024",3723,Puentecillas,110150091,1015,Guanajuato,20.9360670,-101.2772430,11ETH0018G,"Bachillerato Sabes Puentecillas, Carretera a Puentecillas, Las Cabañas, 37631 Yerbabuena, GUA, México",37631
91,276,REDGTO-IRA-MO-00276,San Cristóbal,Publico,10.0.80.72,192.80.72,NP-IRA-110170138-01,"2,024",4062,San Cristóbal,110170138,1017,Irapuato,20.6561458,-101.4740220,2,"Calle Jacinto Ledezma Juárez, Rodriguez, 36800, GUA, México",36800
92,277,REDGTO-IRA-MO-00277,Cuarta Brigada,Publico,10.0.80.74,192.80.74,NP-IRA-110170081-01,2024,4018,Cuarta Brigada,110170081,1017,Irapuato,20.6201220,-101.2808990,2,"Calle Emiliano Zapata, Cuarta Brigada, 36844 Irapuato, GUA, México",36844
93,278,REDGTO-IRA-MO-00278,Guadalupe de Rivera,Publico,10.0.80.76,192.80.76,NP-IRA-110170093-01,2024,4028,Guadalupe de Rivera,110170093,1017,Irapuato,20.6069377,-101.4687583,2,"Calle S/Nom, Guadalupe De Rivera, 36835, GUA, México",36835
94,279,REDGTO-IRA-MO-00279,Santa Elena,Publico,10.0.80.78,192.80.78,NP-IRA-110170163-01,2024,4080,Santa Elena de la Cruz,110170163,1017,Irapuato,20.6150191,-101.3978189,2,"Calle 24 de Diciembre, Santa Elena, 36849 Irapuato, GUA, México",36849
95,280,REDGTO-IRA-MO-00280,La Soledad,Publico,10.0.80.80,192.80.80,NP-IRA-110170881-01,2024,4465,La Soledad,110170881,1017,Irapuato,20.6086944,-101.4157500,2,"Calle S/Nom, La Soledad, 36835 Irapuato, GUA, México",36835
96,281,REDGTO-IRA-MO-00281,El Carmen,Publico,10.0.80.82,192.80.82,NP-IRA-110170067-01,2024,4007,El Carmen,110170067,1017,Irapuato,20.6369953,-101.3695994,2,"Calle Pípila, La Zahurda, 36846 Irapuato, GUA, México",36846
97,282,REDGTO-IRA-MO-00282,Serrano,Publico,10.0.80.94,192.80.94,NP-IRA-110170167-01,2024,4084,Serrano,110170167,1017,Irapuato,20.7775502,-101.3951078,2,"Calle 20 de Noviembre, Serrano, 36814 Irapuato, GUA, México",36814
98,283,REDGTO-IRA-MO-00283,San Vicente,Publico,10.0.80.86,192.80.86,NP-IRA-110170165-01,2024,4082,San Vicente,110170165,1017,Irapuato,20.8279490,-101.3419109,2,"Calle Victoria, San Vicente, 36813, GUA, México",36813
99,284,REDGTO-IRA-MO-00284,Carrizalito,Publico,10.0.80.88,192.80.88,NP-IRA-110170069-01,2024,4009,El Carrizalito,110170069,1017,Irapuato,20.7026620,-101.3231509,2,"Calle S/Nom, Carrizalito, 36822 Irapuato, GUA, México",36822
100,286,REDGTO-IRA-MO-00286,San Javier,Publico,10.0.80.90,192.80.90,NP-IRA-110170146-01,2024,4068,San Javier,110170146,1017,Irapuato,20.6671680,-101.4293480,2,"Calle S/Nom, San Javier, 36804 Irapuato, GUA, México",36804
101,287,REDGTO-IRA-MO-00287,Ejido de Malvas,Publico,10.0.80.92,192.80.92,NP-IRA-110170101-01,2024,4033,Ejido de Malvas (La Argolla),110170101,1017,Irapuato,20.6917970,-101.2941950,2,"Calle Ocampo, Las Malvas, 36826 Irapuato, GUA, México",36826
102,288,REDGTO-IRA-MO-00288,El Garbanzo,Publico,10.0.80.84,192.80.84,NP-IRA-110170236-01,2024,4116,El Garbanzo,110170236,1017,Irapuato,20.7992741,-101.1750128,2,"Calle Durazno, El Garvanzo, 36816 Irapuato, GUA, México",36816
103,289,REDGTO-IRA-MO-00289,Tamahula,Publico,10.0.80.96,192.80.96,NP-IRA-110170217-01,2024,4110,Tamahula,110170217,1017,Irapuato,20.7019550,-101.5075630,2,"Calle Reforma, 36800, GUA, México",36800
104,290,REDGTO-IRA-MO-00290,Laguna Larga,Publico,10.0.80.98,192.80.98,NP-IRA-110170096-01,2024,4030,Laguna Larga,110170096,1017,Irapuato,20.5422593,-101.4845652,2,"Calle Lázaro Cárdenas, Laguna Larga, 36836, GUA, México",36836
29,291,REDGTO-COM-MO-00291,UVEG COM - Don Diego,Escolar,10.0.102.10,192.102.10,NE-COM-110090008-01,2024,2465,Don Diego,110090008,1009,Comonfort,20.6999700,-100.9033400,11ETK0204P,"Avenida Benito Juárez, Don Diego, 38224, GUA, México",38224
30,292,REDGTO-COM-MO-00292,UVEG COM - San Antonio de Corrales,Escolar,10.0.102.76,192.102.76,NE-COM-110090041-01,2024,2492,San Antonio de Corrales,110090041,1009,Comonfort,20.7457500,-100.9633900,11ETK0176J,"Calle Benito Juárez, San Antonio De Corrales, 38225, GUA, México",38225
31,293,REDGTO-COM-MO-00293,UVEG COM - Landín,Escolar,10.0.102.62,192.102.62,NE-COM-110090018-01,2024,2472,Landín,110090018,1009,Comonfort,20.7518900,-100.9080000,11ETK0306M,"Calle S/Nom, Landin, 38226, GUA, México",38226
32,294,REDGTO-COM-MO-00294,UVEG COM - Morales,Escolar,10.0.102.78,192.102.78,NE-COM-110090024-01,2024,2476,Morales,110090024,1009,Comonfort,20.7327900,-100.7213200,11ETK0205O,"Privada Luis Donaldo Colosio, Nueva, 38215, GUA, México",38215
43,295,REDGTO-COR-MO-00295,UVEG COR - La Mocha,Escolar,10.0.102.24,192.102.24,NE-COR-110110032-01,2024,2695,La Mocha,110110032,1011,Cortazar,20.4032900,-100.9994700,11ETK0181V,"Calle Revolución, La Mocha, 38493, GUA, México",38493
44,296,REDGTO-COR-MO-00296,UVEG COR - El Huizache,Escolar,10.0.102.26,192.102.26,NE-COR-110110022-01,2024,2687,El Huizache,110110022,1011,Cortazar,20.4204700,-100.9626500,11ETK0180W,"Calle Hidalgo 216, El Huizache, 38499, GUA, México",38499
45,297,REDGTO-COR-MO-00297,UVEG COR - Bellavista,Escolar,10.0.102.20,192.102.20,NE-COR-110110005-01,2024,2673,Bellavista,110110005,1011,Cortazar,20.4861400,-100.8979600,11ETK0039G,"Calle María Morales 1, Bellavista, 38497, GUA, México",38497
46,298,REDGTO-COR-MO-00298,UVEG COR - Caracheo,Escolar,10.0.102.28,192.102.28,NE-COR-110110007-01,2024,2675,Caracheo,110110007,1011,Cortazar,20.3990300,-100.9713200,11ETK0118T,"Calle Leona Vicario 106, Caracheo, 38499, GUA, México",38499
47,299,REDGTO-COR-MO-00299,UVEG COR - Parral,Escolar,10.0.102.30,192.102.30,NE-COR-110110035-01,2024,2698,Parra,110110035,1011,Cortazar,20.4543700,-101.0066400,11ETK0179G,"Calle S/Nom, Parra, 38495, GUA, México",38495
50,300,REDGTO-GTO-MO-00300,UVEG GTO - La Trinidad,Escolar,10.0.102.96,192.102.96,NE-GTO-110150120-01,2024,3749,La Trinidad,110150120,1015,Guanajuato,20.9087800,-101.2523700,11ETK0013Z,"Calle Lázaro, La Trinidad, 36264, GUA, México",36264
51,301,REDGTO-GTO-MO-00301,UVEG GTO - San José de Transito,Escolar,10.0.102.86,192.102.86,NE-GTO-110150105-01,2024,3734,San José de Tránsito,110150105,1015,Guanajuato,20.9300100,-101.3311000,11ETK0159T,"Calle S/Nom, San Jose De Transito, 36263 Guanajuato, GUA, México",36263
52,302,REDGTO-GTO-MO-00302,UVEG GTO - Santa Catarina de Cuevas (El Tinaco),Escolar,10.0.102.112,"192,102,112",NE-GTO-110150109-01,2024,3738,Santa Catarina de Cuevas (El Tinaco),110150109,1015,Guanajuato,20.9330500,-101.2996400,11ETK0320F,"Calle S/Nom, Santa Catarina De Cuevas, 36263 Santa Teresa, GUA, México",36263
53,303,REDGTO-GTO-MO-00303,UVEG GTO - Cañada de Bustos,Escolar,10.0.102.90,192.102.90,NE-GTO-110150031-01,"2,024",3674,Cañada de Bustos,110150031,1015,Guanajuato,20.9055900,-101.3092300,11ETK0157V,"Avenida del Seguro Social 3B, Cañada De Bustos, 36267, GUA, México",36267
54,304,REDGTO-GTO-MO-00304,UVEG GTO - Santa Teresa,Escolar,10.0.102.92,192.102.92,NE-GTO-110150111-02,2024,3740,Santa Teresa,110150111,1015,Guanajuato,20.9554000,-101.3188600,11ETK0321E,"Calle Guanajuato, 36260 Santa Teresa, GUA, México",36260
105,305,REDGTO-IRA-MO-00305,UVEG IRA - Cuarta Brigada,Escolar,10.0.102.66,192.102.66,NE-IRA-110170081-01,2024,4018,Cuarta Brigada,110170081,1017,Irapuato,20.6244500,-101.2799000,11ETK0341S,"Calle Emiliano Zapata, Cuarta Brigada, 36844 Irapuato, GUA, México",36844
106,306,REDGTO-IRA-MO-00306,UVEG IRA - Cuchicuato,Escolar,10.0.102.58,192.102.58,NE-IRA-110170082-01,2024,4019,Cuchicuato,110170082,1017,Irapuato,20.6606900,-101.4596400,11ETK0323C,"Calle Independencia 25, Cuchicuato, 36803, GUA, México",36803
107,307,REDGTO-IRA-MO-00307,UVEG IRA - Guadalupe de Rivera,Escolar,10.0.102.59,192.102.59,NE-IRA-110170093-01,2024,4028,Guadalupe de Rivera,110170093,1017,Irapuato,20.6074200,-101.4689200,11ETK0016W,"Calle Revolución, Guadalupe De Rivera, 36835, GUA, México",36835
108,308,REDGTO-IRA-MO-00308,UVEG IRA - San Antonio el Rico,Escolar,10.0.102.72,192.102.72,NE-IRA-110170137-01,2024,4061,San Antonio el Rico,110170137,1017,Irapuato,20.8216700,-101.3721700,11ETK0167B,"Calle S/Nom, San Antonio El Rico, 36813, GUA, México",36813
109,309,REDGTO-IRA-MO-00309,UVEG IRA - San Nicolas Temascatio,Escolar,10.0.102.70,192.102.70,NE-IRA-110170160-01,2024,4077,San Nicolás Temascatío,110170160,1017,Irapuato,20.7259700,-101.2514200,11ETK0324B,"Calle Ignacio Allende, San Nicolas Temascatio, 36825 Irapuato, GUA, México",36825
110,310,REDGTO-IRA-MO-00310,UVEG IRA - San Roque,Escolar,10.0.102.64,192.102.64,NE-IRA-110170161-02,2024,4078,San Roque,110170161,1017,Irapuato,20.6027500,-101.3447500,11ETK0336G,"Privada Manuel Doblado, Villas Del Rey, 36843 Irapuato, GUA, México",36843
111,311,REDGTO-IRA-MO-00311,UVEG IRA - Valencianita,Escolar,10.0.102.126,"192,102,126",NE-IRA-110170181-02,2024,4094,Valencianita,110170181,1017,Irapuato,20.7445800,-101.3007500,11ETK0337F,"Calle Aldama, Valencianita, 36824 Irapuato, GUA, México",36824
112,312,REDGTO-IRA-MO-00312,UVEG IRA - Santa Rosa Temascatío,Escolar,10.0.102.68,192.102.68,NE-IRA-110170164-01,"2,024",4081,Santa Rosa Temascatío (Santa Rosa de la Cruz),110170164,1017,Irapuato,20.7796100,-101.2513400,11ETK0017V,"Calle Hidalgo, Santa Rosa Temascatio, 36818, GUA, México",36818
122,313,REDGTO-JAR-MO-00313,UVEG JAR - San José del Cerrito de Camargo,Escolar,10.0.102.54,192.102.54,NE-JAR-110180004-01,2024,4542,San José del Cerrito de Camargo,110180004,1018,Jaral del Progreso,20.4197200,-101.0445400,11ETK0170P,"Calle Emiliano Zapata, San Jose Del Cerrito (Cerrito De Camargo), 38487, GUA, México",38487
123,314,REDGTO-JAR-MO-00314,UVEG JAR - El Molinito,Escolar,10.0.102.56,192.102.56,NE-JAR-110180014-01,2024,4550,El Molinito,110180014,1018,Jaral del Progreso,20.4273600,-101.0725100,11ETK0169Z,"Calle 16 de Septiembre, El Molinito, 38487, GUA, México",38487
291,315,REDGTO-JVR-MO-00315,UVEG JVR - Mesas De Acosta,Escolar,10.0.102.80,192.102.80,NE-JVR-110350033-01,2024,9267,Mesas de Acosta,110350033,1035,Santa Cruz de Juventino Rosas,20.7481700,-101.0762800,11ETK0098W,"Calle S/Nom, Mesas De Acosta, 38257, GUA, México",38257
147,316,REDGTO-LEO-MO-00316,UVEG LEO - San Francisco de Durán,Escolar,10.1.102.14,192.102.14,NE-LEO-110200429-01,2024,4881,San Francisco de Durán (San Agustín del Mirasol),110200429,1020,Leon,21.0086300,-101.6202100,11ETK0346N,"Carretera Los Ramírez-Santa Ana del Conde 419A, San Francisco De Duran, 37688, GUA, México",37688
148,317,REDGTO-LEO-MO-00317,UVEG LEO - Capellania de Loera,Escolar,10.1.102.6,192.102.6,NE-LEO-110200289-01,2024,4819,Capellanía de Loera,110200289,1020,Leon,21.0381100,-101.5949700,11ETK0212Y,"Calle Santa Cruz, Capellania De Loera, 37685 León, GUA, México",37685
149,318,REDGTO-LEO-MO-00318,UVEG LEO - El Resplandor,Escolar,10.1.102.8,192.102.8,NE-LEO-110200708-01,2024,4999,El Resplandor (El Chorro),110200708,1020,Leon,21.0000300,-101.6046800,11ETK0344P,"Calle El Rosal, El Resplandor (El Chorro), 37685, GUA, México",37685
150,319,REDGTO-LEO-MO-00319,UVEG LEO - Ramillete,Escolar,10.1.102.132,"192,102,134",NE-LEO-110200412-01,2024,4872,El Ramillete,110200412,1020,Leon,21.0395600,-101.7687800,11ETK0020I,"Carretera Leon-Santa Rosa-Ciudad Manuel Doblado, Ramillete, 37667 León, GUA, México",37667
151,320,REDGTO-LEO-MO-00320,UVEG LEO - San José del Resplandor,Escolar,10.1.102.100,10.1.102.100,NE-LEO-110200424-01,"2,024",4879,San José del Resplandor (El Capricho),110200424,1020,Leon,20.9986000,-101.6932000,11ETK0347M,"Privada Valdivia 101B, San Jose Del Resplandor, 37688, GUA, México",37688
152,321,REDGTO-LEO-MO-00321,UVEG LEO - Colonia Latinoamericana,Escolar,10.1.102.104,"192,102,104",NE-LEO-110201256-01,2024,5290,Colonia Latinoamericana,110201256,1020,Leon,21.0304800,-101.7050500,11ETK0343Q,"Calle Huayna Potosina 209A, Latinoamericana, 37660 León, GUA, México",37660
153,322,REDGTO-LEO-MO-00322,UVEG LEO - Rancho Nuevo de la Venta,Escolar,10.1.102.108,"192,102,108",NE-LEO-110200418-01,"2,024",4875,Rancho Nuevo de la Venta,110200418,1020,Leon,21.0723700,-101.7934700,11ETK0325A,"Calle S/Nom, 37664, GUA, México",37664
154,323,REDGTO-LEO-MO-00323,UVEG LEO - Plan de Ayala (Santa Rosa),Escolar,10.1.102.110,"192,102,110",NE-LEO-110200401-01,"2,024",4866,Plan de Ayala (Santa Rosa),110200401,1020,Leon,21.0698000,-101.7227500,11ETK0218S,"Calle San Ignacio de Antioquia 67B, 37438 León, GUA, México",37438
155,324,REDGTO-LEO-MO-00324,UVEG LEO - Santa Ana del Conde,Escolar,10.1.102.114,"192,102,114",NE-LEO-110200464-01,"2,024",4898,Álvaro Obregón (Santa Ana del Conde),110200464,1020,Leon,20.9643900,-101.5833700,11ETK0224C,"SABES Santa Ana Del Conde, A Leon, Alvaro Obregon, 37686, GUA, México",37686
156,325,REDGTO-LEO-MO-00325,UVEG LEO - Vaquerías,Escolar,10.1.102.118,"192,102,118",NE-LEO-11020049001,"2,024",4909,Vaquerías,110200490,1020,Leon,21.1596400,-101.3929400,11ETK0062H,"Calle Pozo Zarco, Vaquerias, 37650, GUA, México",37650
157,326,REDGTO-LEO-MO-00326,UVEG LEO - San Judas,Escolar,10.1.102.102,"192,102,102",NE-LEO-110200453-01,"2,024",4894,San Judas,110200453,1020,Leon,21.0008200,-101.7069900,11ETK0222E,"Calle S/Nom, San Judas, 37660, GUA, México",37660
160,327,REDGTO-PNV-MO-00327,UVEG PNV - Progreso de la Unión,Escolar,10.0.102.36,192.102.36,NE-PNV-110240010-01,"2,024",6295,Progreso de la Unión,110240010,1024,Pueblo Nuevo,20.5645600,-101.3671100,11ETK0004R,"Calle S/Nom, Progreso De La Union, 36893, GUA, México",36893
161,328,REDGTO-PNV-MO-00328,UVEG PNV - Yostiro (Yostiro de San Antonio),Escolar,10.0.102.38,192.102.38,NE-PNV-110240017-01,2024,6301,Yóstiro (Yóstiro de San Antonio),110240017,1024,Pueblo Nuevo,20.5590000,-101.3972800,11ETK0221F,"Calle Galeana 257, Congregacion De Yostiro (Yostiro De San Antonio), 36893, GUA, México",36893
162,329,REDGTO-ROM-MO-00329,UVEG ROM - El Escoplo,Escolar,10.0.102.122,"192,102,122",NE-ROM-110260015-01,2024,6503,El Escoplo,110260015,1026,Romita,20.9121800,-101.5153800,11ETK0223D,"TELESECUNDARIA NUM. 875, Camino a La Secundaria, El Escoplo, 36212, GUA, México",36212
203,330,REDGTO-SAL-MO-00330,UVEG SAL - Los Prietos,Escolar,10.0.102.4,192.102.4,NE-SAL-110270110-01,"2,024",6852,Los Prietos (El Cajón),110270110,1027,Salamanca,20.5746800,-101.2642600,11ETK0350Z,"Privada Libertad, Los Prietos, 36876 Salamanca, GUA, México",36876
204,331,REDGTO-SAL-MO-00331,UVEG SAL - Puerto de Valle,Escolar,10.0.102.32,192.102.32,NE-SAL-110270212-01,2024,6927,Puerto de Valle,110270212,1027,Salamanca,20.4879300,-101.1355500,11ETK0309J,"Avenida Padre Bernabé de J. Méndez M. 410, Puerto De Valle, 36886 Salamanca, GUA, México",36886
205,332,REDGTO-SAL-MO-00332,UVEG SAL - Doña Rosa (El Chicote),Escolar,10.0.102.48,192.102.48,NE-SAL-110270061-01,2024,6811,Doña Rosa (El Chicote),110270061,1027,Salamanca,20.6345700,-101.1800100,11ETK0070Q,"Calle Insurgentes, Ex - Doña Rosa (El Chicote), 36873 Salamanca, GUA, México",36873
206,333,REDGTO-SAL-MO-00333,UVEG SAL - San Vicente de Flores,Escolar,10.0.102.44,192.102.44,NE-SAL-110270232-01,2024,6937,San Vicente de Flores,110270232,1027,Salamanca,20.6204400,-101.2534100,11ETK0279F,"Calle S/Nom, San Vicente De Flores, 36875 Salamanca, GUA, México",36875
207,334,REDGTO-SAL-MO-00334,UVEG SAL - San Bernardo,Escolar,10.0.102.34,192.102.34,NE-SAL-110270124-01,2024,6865,San Bernardo,110270124,1027,Salamanca,20.4754700,-101.0953300,11ETK0284R,"Calle Lázaro Cárdenas 208A, San Bernardo, 36887 Salamanca, GUA, México",36887
217,335,REDGTO-SLV-MO-00335,UVEG SLV - La Luz,Escolar,10.0.102.124,"192,102,124",NE-SLV-110280029-01,2024,7229,La Luz,110280029,1028,Salvatierra,20.2909900,-100.9174700,11ETK0122F,"Calle Iturbide 2, La Luz, 38912, GUA, México",38912
218,336,REDGTO-SFP-MO-00336,UVEG SFP - Los Martínez,Escolar,10.1.102.116,"192,102,116",NE-SFP-110300137-01,"2,024",7672,Los Martínez,110300137,1030,San Felipe,21.2632500,-101.4028500,11ETK0245P,"Calle S/Nom, Los Martinez, 37620, GUA, México",37620
246,337,REDGTO-SMA-MO-00337,UVEG SMA - Pantoja,Escolar,10.0.102.12,192.102.12,NE-SMA-110030195-01,"2,024",771,Pantoja,110030195,1003,San Miguel de Allende,20.8714200,-100.7886700,11ETK0028A,"Calle S/Nom, Pantoja, 37897, GUA, México",37897
247,338,REDGTO-SMA-MO-00338,UVEG SMA - Jalpa,Escolar,10.0.102.120,"192,102,120",NE-SMA-110030128-01,2024,727,Jalpa,110030128,1003,San Miguel de Allende,20.7689700,-100.6116400,11ETK0131N,"Calle S/Nom, 37887 Jalpa, GUA, México",37887
248,339,REDGTO-SMA-MO-00339,UVEG SMA - Oaxaca,Escolar,10.0.102.94,192.102.94,NE-SMA-110030181-01,"2,024",760,Oaxaca,110030181,1003,San Miguel de Allende,20.9685200,-100.8164000,11ETK0271N,"Telesecundaria Rural de Banda, Bugambilia, Rancho Nuevo de Banda, 37893, GUA, México",37893
296,340,REDGTO-SIL-MO-00340,UVEG SIL - Medranos,Escolar,10.0.102.82,192.102.82,NE-SIL-110370058-01,2024,9521,Medranos,110370058,1037,Silao de la Victoria,20.8830300,-101.4339700,11ETK0029Z,"Calle Campestre, Medranos, 36285 Silao, GUA, México",36285
297,341,REDGTO-SIL-MO-00341,UVEG SIL - San José de Gracia,Escolar,10.0.102.84,192.102.84,NE-SIL-110370107-01,2024,9550,San José de Gracia,110370107,1037,Silao de la Victoria,20.8988400,-101.4449700,11ETK0361F,"Calle 19 de Marzo 22, San Jose De Gracia, 36285 Silao, GUA, México",36285
298,342,REDGTO-SIL-MO-00342,UVEG SIL - San Andres De La Baraña,Escolar,10.0.102.88,192.102.88,NE-SIL-110370096-01,2024,9544,San Andrés de la Baraña,110370096,1037,Silao de la Victoria,20.8799000,-101.3466100,11ETK0099V,"Calle 5 de Mayo, San Andres De La Baraña, 36298 Silao, GUA, México",36298
309,343,REDGTO-VDS-MO-00343,UVEG VDS - Cerro Prieto del Carmen,Escolar,10.0.102.42,192.102.42,NE-VDS-110420016-01,2024,10261,Cerro Prieto del Carmen,110420016,1042,Valle de Santiago,20.5215000,-101.3141500,11ETK0291A,"Calle Miguel Hidalgo, 36876 Valle de Santiago, GUA, México",36876
310,344,REDGTO-VDS-MO-00344,UVEG VDS - El Tambor,Escolar,10.0.102.40,192.102.40,NE-VDS-110420156-01,2024,10373,El Tambor,110420156,1042,Valle de Santiago,20.4954700,-101.3010200,11ETK0107N,"Calle Revolución, El Tambor, 38415 Valle de Santiago, GUA, México",38415
311,345,REDGTO-VDS-MO-00345,UVEG VDS - La Compañía,Escolar,10.0.102.52,192.102.52,NE-VDS-110420020-01,2024,10265,La Compañía,110420020,1042,Valle de Santiago,20.3771300,-101.1605000,11ETK0355V,"Calle Miguel Hidalgo, La Compañia, 38427 Valle de Santiago, GUA, México",38427
312,346,REDGTO-VDS-MO-00346,UVEG VDS - Santa Ana,Escolar,10.0.102.50,192.102.50,NE-VDS-110420117-01,2024,10350,Santa Ana,110420117,1042,Valle de Santiago,20.3689500,-101.1149400,11ETK0359R,"Carretera Cortazar-Valle de Santiago, La Bolsa, 38487 Valle de Santiago, GUA, México",38487
313,347,REDGTO-VDS-MO-00347,UVEG VDS - Sabino De Santa Rosa,Escolar,10.0.102.16,192.102.16,NE-VDS-110420089-01,2024,10325,Sabino de Santa Rosa,110420089,1042,Valle de Santiago,20.4154400,-101.1201900,11ETK0105P,"Calle Lázaro Cárdenas, Sabino De Santa Rosa, 38427 Valle de Santiago, GUA, México",38427
314,348,REDGTO-VDS-MO-00348,UVEG VDS - San Jeronimo de Araceo,Escolar,10.0.102.106,"192,102,106",NE-VDS-110420106-01,2024,10341,San Jerónimo de Araceo,110420106,1042,Valle de Santiago,20.3287268,-101.1814722,11ETK0314V,"Calle Pino Suárez, San Jeronimo Araceo, 38455 Valle de Santiago, GUA, México",38455
322,349,REDGTO-VLG-MO-00349,UVEG VLG - El Chinaco (El Pujido),Escolar,10.0.102.22,192.102.22,NE-VLG-110440015-01,"2,024",10726,El Chinaco (El Pujido),110440015,1044,Villagran,20.5225000,-100.9202800,11ETK0296W,"Calle Dalias 14, El Chinaco, 38294, GUA, México",38294
329,350,REDGTO-YUR-MO-00350,UVEG YUR- La Angostura,Escolar,10.0.102.46,192.102.46,NE-YUR-110460003-01,2024,10972,La Angostura,110460003,1046,Yuriria,20.2795800,-101.1047800,11ETK0300S,"Calle S/Nom, La Angostura, 38955, GUA, México",38955
113,351,REDGTO-IRA-MO-00351,Escuela José M. Morelos y Pavón,Escolar,10.0.80.56,192.80.56,NE-IRA-110170105-01,2024,4037,Colonia Morelos de Guadalupe de Rivera,110170105,1017,Irapuato,20.5968600,-101.4473300,11DPR11930,"Calle Central, Morelos De Guadalupe De Rivera (Morelos De Rivera), 36835 Irapuato, GUA, México",36835
,,,,,,,,,,,,,,,,,,
,,,,,,,,,,,,,,,,,,
,,,,,,,,,,,,,,,,,,
,,,,,,,,,,,,,,,,,,
,,,,,,,,,,,,,,,,,,
,,,,,,,,,,,,,,,,,,
,,,,,,,,,,,,,,,,,,
,,,,,,,,,,,,,,,,,,
,,,,,,,,,,,,,,,,,,
,,,,,,,,,,,,,,,,,,
,,,,,,,,,,,,,,,,,,
,,,,,,,,,,,,,,,,,,
,,,,,,,,,,,,,,,,,,
,,,,,,,,,,,,,,,,,,
,,,,,,,,,,,,,,,,,,
,,,,,,,,,,,,,,,,,,
,,,,,,,,,,,,,,,,,,
,,,,,,,,,,,,,,,,,,
,,,,,,,,,,,,,,,,,,
,,,,,,,,,,,,,,,,,,
,,,,,,,,,,,,,,,,,,
,,,,,,,,,,,,,,,,,,
,,,,,,,,,,,,,,,,,,
,,,,,,,,,,,,,,,,,,
,,,,,,,,,,,,,,,,,,
,,,,,,,,,,,,,,,,,,
,,,,,,,,,,,,,,,,,,
,,,,,,,,,,,,,,,,,,
,,,,,,,,,,,,,,,,,,
,,,,,,,,,,,,,,,,,,
,,,,,,,,,,,,,,,,,,
,,,,,,,,,,,,,,,,,,
,,,,,,,,,,,,,,,,,,
,,,,,,,,,,,,,,,,,,
,,,,,,,,,,,,,,,,,,
,,,,,,,,,,,,,,,,,,
,,,,,,,,,,,,,,,,,,
,,,,,,,,,,,,,,,,,,
,,,,,,,,,,,,,,,,,,
,,,,,,,,,,,,,,,,,,
,,,,,,,,,,,,,,,,,,
,,,,,,,,,,,,,,,,,,
,,,,,,,,,,,,,,,,,,
,,,,,,,,,,,,,,,,,,
,,,,,,,,,,,,,,,,,,
,,,,,,,,,,,,,,,,,,
,,,,,,,,,,,,,,,,,,
,,,,,,,,,,,,,,,,,,
,,,,,,,,,,,,,,,,,,
,,,,,,,,,,,,,,,,,,
,,,,,,,,,,,,,,,,,,
,,,,,,,,,,,,,,,,,,
,,,,,,,,,,,,,,,,,,
,,,,,,,,,,,,,,,,,,
,,,,,,,,,,,,,,,,,,
,,,,,,,,,,,,,,,,,,
,,,,,,,,,,,,,,,,,,
,,,,,,,,,,,,,,,,,,
,,,,,,,,,,,,,,,,,,
,,,,,,,,,,,,,,,,,,
,,,,,,,,,,,,,,,,,,
,,,,,,,,,,,,,,,,,,
,,,,,,,,,,,,,,,,,,
,,,,,,,,,,,,,,,,,,
,,,,,,,,,,,,,,,,,,
,,,,,,,,,,,,,,,,,,
,,,,,,,,,,,,,,,,,,
,,,,,,,,,,,,,,,,,,
,,,,,,,,,,,,,,,,,,
,,,,,,,,,,,,,,,,,,
,,,,,,,,,,,,,,,,,,
,,,,,,,,,,,,,,,,,,
,,,,,,,,,,,,,,,,,,
,,,,,,,,,,,,,,,,,,
,,,,,,,,,,,,,,,,,,
,,,,,,,,,,,,,,,,,,
,,,,,,,,,,,,,,,,,,
,,,,,,,,,,,,,,,,,,
,,,,,,,,,,,,,,,,,,
,,,,,,,,,,,,,,,,,,
,,,,,,,,,,,,,,,,,,
,,,,,,,,,,,,,,,,,,
,,,,,,,,,,,,,,,,,,
,,,,,,,,,,,,,,,,,,
,,,,,,,,,,,,,,,,,,
,,,,,,,,,,,,,,,,,,
,,,,,,,,,,,,,,,,,,
,,,,,,,,,,,,,,,,,,
,,,,,,,,,,,,,,,,,,
,,,,,,,,,,,,,,,,,,
,,,,,,,,,,,,,,,,,,
,,,,,,,,,,,,,,,,,,
,,,,,,,,,,,,,,,,,,
,,,,,,,,,,,,,,,,,,
,,,,,,,,,,,,,,,,,,
,,,,,,,,,,,,,,,,,,
,,,,,,,,,,,,,,,,,,
,,,,,,,,,,,,,,,,,,
,,,,,,,,,,,,,,,,,,
,,,,,,,,,,,,,,,,,,
,,,,,,,,,,,,,,,,,,
,,,,,,,,,,,,,,,,,,
,,,,,,,,,,,,,,,,,,
,,,,,,,,,,,,,,,,,,
,,,,,,,,,,,,,,,,,,
,,,,,,,,,,,,,,,,,,
,,,,,,,,,,,,,,,,,,
,,,,,,,,,,,,,,,,,,
,,,,,,,,,,,,,,,,,,
,,,,,,,,,,,,,,,,,,
,,,,,,,,,,,,,,,,,,
,,,,,,,,,,,,,,,,,,
,,,,,,,,,,,,,,,,,,
,,,,,,,,,,,,,,,,,,
,,,,,,,,,,,,,,,,,,
,,,,,,,,,,,,,,,,,,
,,,,,,,,,,,,,,,,,,
,,,,,,,,,,,,,,,,,,
,,,,,,,,,,,,,,,,,,
,,,,,,,,,,,,,,,,,,
,,,,,,,,,,,,,,,,,,
,,,,,,,,,,,,,,,,,,
,,,,,,,,,,,,,,,,,,
,,,,,,,,,,,,,,,,,,
,,,,,,,,,,,,,,,,,,
,,,,,,,,,,,,,,,,,,
,,,,,,,,,,,,,,,,,,
,,,,,,,,,,,,,,,,,,
,,,,,,,,,,,,,,,,,,
,,,,,,,,,,,,,,,,,,
,,,,,,,,,,,,,,,,,,
,,,,,,,,,,,,,,,,,,
,,,,,,,,,,,,,,,,,,
,,,,,,,,,,,,,,,,,,
,,,,,,,,,,,,,,,,,,
,,,,,,,,,,,,,,,,,,
,,,,,,,,,,,,,,,,,,
,,,,,,,,,,,,,,,,,,
,,,,,,,,,,,,,,,,,,
,,,,,,,,,,,,,,,,,,
,,,,,,,,,,,,,,,,,,
,,,,,,,,,,,,,,,,,,
,,,,,,,,,,,,,,,,,,
,,,,,,,,,,,,,,,,,,
,,,,,,,,,,,,,,,,,,
,,,,,,,,,,,,,,,,,,
,,,,,,,,,,,,,,,,,,
,,,,,,,,,,,,,,,,,,
,,,,,,,,,,,,,,,,,,
,,,,,,,,,,,,,,,,,,
,,,,,,,,,,,,,,,,,,
,,,,,,,,,,,,,,,,,,
,,,,,,,,,,,,,,,,,,
,,,,,,,,,,,,,,,,,,
,,,,,,,,,,,,,,,,,,
,,,,,,,,,,,,,,,,,,
,,,,,,,,,,,,,,,,,,
,,,,,,,,,,,,,,,,,,
,,,,,,,,,,,,,,,,,,
,,,,,,,,,,,,,,,,,,
,,,,,,,,,,,,,,,,,,
,,,,,,,,,,,,,,,,,,
,,,,,,,,,,,,,,,,,,
,,,,,,,,,,,,,,,,,,
,,,,,,,,,,,,,,,,,,
,,,,,,,,,,,,,,,,,,
,,,,,,,,,,,,,,,,,,
,,,,,,,,,,,,,,,,,,
,,,,,,,,,,,,,,,,,,
,,,,,,,,,,,,,,,,,,
,,,,,,,,,,,,,,,,,,
,,,,,,,,,,,,,,,,,,
,,,,,,,,,,,,,,,,,,
,,,,,,,,,,,,,,,,,,
,,,,,,,,,,,,,,,,,,
,,,,,,,,,,,,,,,,,,
,,,,,,,,,,,,,,,,,,
,,,,,,,,,,,,,,,,,,
,,,,,,,,,,,,,,,,,,
,,,,,,,,,,,,,,,,,,
,,,,,,,,,,,,,,,,,,
,,,,,,,,,,,,,,,,,,
,,,,,,,,,,,,,,,,,,
,,,,,,,,,,,,,,,,,,
,,,,,,,,,,,,,,,,,,
,,,,,,,,,,,,,,,,,,
,,,,,,,,,,,,,,,,,,
,,,,,,,,,,,,,,,,,,
,,,,,,,,,,,,,,,,,,
,,,,,,,,,,,,,,,,,,
,,,,,,,,,,,,,,,,,,
,,,,,,,,,,,,,,,,,,
,,,,,,,,,,,,,,,,,,
,,,,,,,,,,,,,,,,,,
,,,,,,,,,,,,,,,,,,
,,,,,,,,,,,,,,,,,,
,,,,,,,,,,,,,,,,,,
,,,,,,,,,,,,,,,,,,
,,,,,,,,,,,,,,,,,,
,,,,,,,,,,,,,,,,,,
,,,,,,,,,,,,,,,,,,
,,,,,,,,,,,,,,,,,,
,,,,,,,,,,,,,,,,,,
,,,,,,,,,,,,,,,,,,
,,,,,,,,,,,,,,,,,,
,,,,,,,,,,,,,,,,,,
,,,,,,,,,,,,,,,,,,
,,,,,,,,,,,,,,,,,,
,,,,,,,,,,,,,,,,,,
,,,,,,,,,,,,,,,,,,
,,,,,,,,,,,,,,,,,,
,,,,,,,,,,,,,,,,,,
,,,,,,,,,,,,,,,,,,
,,,,,,,,,,,,,,,,,,
,,,,,,,,,,,,,,,,,,
,,,,,,,,,,,,,,,,,,
,,,,,,,,,,,,,,,,,,
,,,,,,,,,,,,,,,,,,
,,,,,,,,,,,,,,,,,,
,,,,,,,,,,,,,,,,,,
,,,,,,,,,,,,,,,,,,
,,,,,,,,,,,,,,,,,,
,,,,,,,,,,,,,,,,,,
,,,,,,,,,,,,,,,,,,
,,,,,,,,,,,,,,,,,,
,,,,,,,,,,,,,,,,,,
,,,,,,,,,,,,,,,,,,
,,,,,,,,,,,,,,,,,,
,,,,,,,,,,,,,,,,,,
,,,,,,,,,,,,,,,,,,
,,,,,,,,,,,,,,,,,,
,,,,,,,,,,,,,,,,,,
,,,,,,,,,,,,,,,,,,
,,,,,,,,,,,,,,,,,,
,,,,,,,,,,,,,,,,,,
,,,,,,,,,,,,,,,,,,
,,,,,,,,,,,,,,,,,,
,,,,,,,,,,,,,,,,,,
,,,,,,,,,,,,,,,,,,
,,,,,,,,,,,,,,,,,,
,,,,,,,,,,,,,,,,,,
,,,,,,,,,,,,,,,,,,
,,,,,,,,,,,,,,,,,,
,,,,,,,,,,,,,,,,,,
,,,,,,,,,,,,,,,,,,
,,,,,,,,,,,,,,,,,,
,,,,,,,,,,,,,,,,,,
,,,,,,,,,,,,,,,,,,
,,,,,,,,,,,,,,,,,,
,,,,,,,,,,,,,,,,,,
,,,,,,,,,,,,,,,,,,
,,,,,,,,,,,,,,,,,,
,,,,,,,,,,,,,,,,,,
,,,,,,,,,,,,,,,,,,
,,,,,,,,,,,,,,,,,,
,,,,,,,,,,,,,,,,,,
,,,,,,,,,,,,,,,,,,
,,,,,,,,,,,,,,,,,,
,,,,,,,,,,,,,,,,,,
,,,,,,,,,,,,,,,,,,
,,,,,,,,,,,,,,,,,,
,,,,,,,,,,,,,,,,,,
,,,,,,,,,,,,,,,,,,
,,,,,,,,,,,,,,,,,,
,,,,,,,,,,,,,,,,,,
,,,,,,,,,,,,,,,,,,
,,,,,,,,,,,,,,,,,,
,,,,,,,,,,,,,,,,,,
,,,,,,,,,,,,,,,,,,
,,,,,,,,,,,,,,,,,,
,,,,,,,,,,,,,,,,,,
,,,,,,,,,,,,,,,,,,
,,,,,,,,,,,,,,,,,,
,,,,,,,,,,,,,,,,,,
,,,,,,,,,,,,,,,,,,
,,,,,,,,,,,,,,,,,,
,,,,,,,,,,,,,,,,,,
,,,,,,,,,,,,,,,,,,
,,,,,,,,,,,,,,,,,,
,,,,,,,,,,,,,,,,,,
,,,,,,,,,,,,,,,,,,
,,,,,,,,,,,,,,,,,,
,,,,,,,,,,,,,,,,,,
,,,,,,,,,,,,,,,,,,
,,,,,,,,,,,,,,,,,,
,,,,,,,,,,,,,,,,,,
,,,,,,,,,,,,,,,,,,
,,,,,,,,,,,,,,,,,,
,,,,,,,,,,,,,,,,,,
,,,,,,,,,,,,,,,,,,
,,,,,,,,,,,,,,,,,,
,,,,,,,,,,,,,,,,,,
,,,,,,,,,,,,,,,,,,
,,,,,,,,,,,,,,,,,,
,,,,,,,,,,,,,,,,,,
,,,,,,,,,,,,,,,,,,
,,,,,,,,,,,,,,,,,,
,,,,,,,,,,,,,,,,,,
,,,,,,,,,,,,,,,,,,
,,,,,,,,,,,,,,,,,,
,,,,,,,,,,,,,,,,,,
,,,,,,,,,,,,,,,,,,
,,,,,,,,,,,,,,,,,,
,,,,,,,,,,,,,,,,,,
,,,,,,,,,,,,,,,,,,
,,,,,,,,,,,,,,,,,,
,,,,,,,,,,,,,,,,,,
,,,,,,,,,,,,,,,,,,
,,,,,,,,,,,,,,,,,,
,,,,,,,,,,,,,,,,,,
,,,,,,,,,,,,,,,,,,
,,,,,,,,,,,,,,,,,,
,,,,,,,,,,,,,,,,,,
,,,,,,,,,,,,,,,,,,
,,,,,,,,,,,,,,,,,,
,,,,,,,,,,,,,,,,,,
,,,,,,,,,,,,,,,,,,
,,,,,,,,,,,,,,,,,,
,,,,,,,,,,,,,,,,,,
,,,,,,,,,,,,,,,,,,
,,,,,,,,,,,,,,,,,,
,,,,,,,,,,,,,,,,,,
,,,,,,,,,,,,,,,,,,
,,,,,,,,,,,,,,,,,,
,,,,,,,,,,,,,,,,,,
,,,,,,,,,,,,,,,,,,
,,,,,,,,,,,,,,,,,,
,,,,,,,,,,,,,,,,,,
,,,,,,,,,,,,,,,,,,
,,,,,,,,,,,,,,,,,,
,,,,,,,,,,,,,,,,,,
,,,,,,,,,,,,,,,,,,
,,,,,,,,,,,,,,,,,,
,,,,,,,,,,,,,,,,,,
,,,,,,,,,,,,,,,,,,
,,,,,,,,,,,,,,,,,,
,,,,,,,,,,,,,,,,,,
,,,,,,,,,,,,,,,,,,
,,,,,,,,,,,,,,,,,,
,,,,,,,,,,,,,,,,,,
,,,,,,,,,,,,,,,,,,
,,,,,,,,,,,,,,,,,,
,,,,,,,,,,,,,,,,,,
,,,,,,,,,,,,,,,,,,
,,,,,,,,,,,,,,,,,,
,,,,,,,,,,,,,,,,,,
,,,,,,,,,,,,,,,,,,
,,,,,,,,,,,,,,,,,,
,,,,,,,,,,,,,,,,,,
,,,,,,,,,,,,,,,,,,
,,,,,,,,,,,,,,,,,,
,,,,,,,,,,,,,,,,,,
,,,,,,,,,,,,,,,,,,
,,,,,,,,,,,,,,,,,,
,,,,,,,,,,,,,,,,,,
,,,,,,,,,,,,,,,,,,
,,,,,,,,,,,,,,,,,,
,,,,,,,,,,,,,,,,,,
,,,,,,,,,,,,,,,,,,
,,,,,,,,,,,,,,,,,,
,,,,,,,,,,,,,,,,,,
,,,,,,,,,,,,,,,,,,
,,,,,,,,,,,,,,,,,,
,,,,,,,,,,,,,,,,,,
,,,,,,,,,,,,,,,,,,
,,,,,,,,,,,,,,,,,,
,,,,,,,,,,,,,,,,,,
,,,,,,,,,,,,,,,,,,
,,,,,,,,,,,,,,,,,,
,,,,,,,,,,,,,,,,,,
,,,,,,,,,,,,,,,,,,
,,,,,,,,,,,,,,,,,,
,,,,,,,,,,,,,,,,,,
,,,,,,,,,,,,,,,,,,
,,,,,,,,,,,,,,,,,,
,,,,,,,,,,,,,,,,,,
,,,,,,,,,,,,,,,,,,
,,,,,,,,,,,,,,,,,,
,,,,,,,,,,,,,,,,,,
,,,,,,,,,,,,,,,,,,
,,,,,,,,,,,,,,,,,,
,,,,,,,,,,,,,,,,,,
,,,,,,,,,,,,,,,,,,
,,,,,,,,,,,,,,,,,,
,,,,,,,,,,,,,,,,,,
,,,,,,,,,,,,,,,,,,
,,,,,,,,,,,,,,,,,,
,,,,,,,,,,,,,,,,,,
,,,,,,,,,,,,,,,,,,
,,,,,,,,,,,,,,,,,,
,,,,,,,,,,,,,,,,,,
,,,,,,,,,,,,,,,,,,
,,,,,,,,,,,,,,,,,,
,,,,,,,,,,,,,,,,,,
,,,,,,,,,,,,,,,,,,
,,,,,,,,,,,,,,,,,,
,,,,,,,,,,,,,,,,,,
,,,,,,,,,,,,,,,,,,
,,,,,,,,,,,,,,,,,,
,,,,,,,,,,,,,,,,,,
,,,,,,,,,,,,,,,,,,
,,,,,,,,,,,,,,,,,,
,,,,,,,,,,,,,,,,,,
,,,,,,,,,,,,,,,,,,
,,,,,,,,,,,,,,,,,,
,,,,,,,,,,,,,,,,,,
,,,,,,,,,,,,,,,,,,
,,,,,,,,,,,,,,,,,,
,,,,,,,,,,,,,,,,,,
,,,,,,,,,,,,,,,,,,
,,,,,,,,,,,,,,,,,,
,,,,,,,,,,,,,,,,,,
,,,,,,,,,,,,,,,,,,
,,,,,,,,,,,,,,,,,,
,,,,,,,,,,,,,,,,,,
,,,,,,,,,,,,,,,,,,
,,,,,,,,,,,,,,,,,,
,,,,,,,,,,,,,,,,,,
,,,,,,,,,,,,,,,,,,
,,,,,,,,,,,,,,,,,,
,,,,,,,,,,,,,,,,,,
,,,,,,,,,,,,,,,,,,
,,,,,,,,,,,,,,,,,,
,,,,,,,,,,,,,,,,,,
,,,,,,,,,,,,,,,,,,
,,,,,,,,,,,,,,,,,,
,,,,,,,,,,,,,,,,,,
,,,,,,,,,,,,,,,,,,
,,,,,,,,,,,,,,,,,,
,,,,,,,,,,,,,,,,,,
,,,,,,,,,,,,,,,,,,
,,,,,,,,,,,,,,,,,,
,,,,,,,,,,,,,,,,,,
,,,,,,,,,,,,,,,,,,
,,,,,,,,,,,,,,,,,,
,,,,,,,,,,,,,,,,,,
,,,,,,,,,,,,,,,,,,
,,,,,,,,,,,,,,,,,,
,,,,,,,,,,,,,,,,,,
,,,,,,,,,,,,,,,,,,
,,,,,,,,,,,,,,,,,,
,,,,,,,,,,,,,,,,,,
,,,,,,,,,,,,,,,,,,
,,,,,,,,,,,,,,,,,,
,,,,,,,,,,,,,,,,,,
,,,,,,,,,,,,,,,,,,
,,,,,,,,,,,,,,,,,,
,,,,,,,,,,,,,,,,,,
,,,,,,,,,,,,,,,,,,
,,,,,,,,,,,,,,,,,,
,,,,,,,,,,,,,,,,,,
,,,,,,,,,,,,,,,,,,
,,,,,,,,,,,,,,,,,,
,,,,,,,,,,,,,,,,,,
,,,,,,,,,,,,,,,,,,
,,,,,,,,,,,,,,,,,,
,,,,,,,,,,,,,,,,,,
,,,,,,,,,,,,,,,,,,
,,,,,,,,,,,,,,,,,,
,,,,,,,,,,,,,,,,,,
,,,,,,,,,,,,,,,,,,
,,,,,,,,,,,,,,,,,,
,,,,,,,,,,,,,,,,,,
,,,,,,,,,,,,,,,,,,
,,,,,,,,,,,,,,,,,,
,,,,,,,,,,,,,,,,,,
,,,,,,,,,,,,,,,,,,
,,,,,,,,,,,,,,,,,,
,,,,,,,,,,,,,,,,,,
,,,,,,,,,,,,,,,,,,
,,,,,,,,,,,,,,,,,,
,,,,,,,,,,,,,,,,,,
,,,,,,,,,,,,,,,,,,
,,,,,,,,,,,,,,,,,,
,,,,,,,,,,,,,,,,,,
,,,,,,,,,,,,,,,,,,
,,,,,,,,,,,,,,,,,,
,,,,,,,,,,,,,,,,,,
,,,,,,,,,,,,,,,,,,
,,,,,,,,,,,,,,,,,,
,,,,,,,,,,,,,,,,,,
,,,,,,,,,,,,,,,,,,
,,,,,,,,,,,,,,,,,,
,,,,,,,,,,,,,,,,,,
,,,,,,,,,,,,,,,,,,
,,,,,,,,,,,,,,,,,,
,,,,,,,,,,,,,,,,,,
,,,,,,,,,,,,,,,,,,
,,,,,,,,,,,,,,,,,,
,,,,,,,,,,,,,,,,,,
,,,,,,,,,,,,,,,,,,
,,,,,,,,,,,,,,,,,,
,,,,,,,,,,,,,,,,,,
,,,,,,,,,,,,,,,,,,
,,,,,,,,,,,,,,,,,,
,,,,,,,,,,,,,,,,,,
,,,,,,,,,,,,,,,,,,
,,,,,,,,,,,,,,,,,,
,,,,,,,,,,,,,,,,,,
,,,,,,,,,,,,,,,,,,
,,,,,,,,,,,,,,,,,,
,,,,,,,,,,,,,,,,,,
,,,,,,,,,,,,,,,,,,
,,,,,,,,,,,,,,,,,,
,,,,,,,,,,,,,,,,,,
,,,,,,,,,,,,,,,,,,
,,,,,,,,,,,,,,,,,,
,,,,,,,,,,,,,,,,,,
,,,,,,,,,,,,,,,,,,
,,,,,,,,,,,,,,,,,,
,,,,,,,,,,,,,,,,,,
,,,,,,,,,,,,,,,,,,
,,,,,,,,,,,,,,,,,,
,,,,,,,,,,,,,,,,,,
,,,,,,,,,,,,,,,,,,
,,,,,,,,,,,,,,,,,,
,,,,,,,,,,,,,,,,,,
,,,,,,,,,,,,,,,,,,
,,,,,,,,,,,,,,,,,,
,,,,,,,,,,,,,,,,,,
,,,,,,,,,,,,,,,,,,
,,,,,,,,,,,,,,,,,,
,,,,,,,,,,,,,,,,,,
,,,,,,,,,,,,,,,,,,
,,,,,,,,,,,,,,,,,,
,,,,,,,,,,,,,,,,,,
,,,,,,,,,,,,,,,,,,
,,,,,,,,,,,,,,,,,,
,,,,,,,,,,,,,,,,,,
,,,,,,,,,,,,,,,,,,
,,,,,,,,,,,,,,,,,,
,,,,,,,,,,,,,,,,,,
,,,,,,,,,,,,,,,,,,
,,,,,,,,,,,,,,,,,,
,,,,,,,,,,,,,,,,,,
,,,,,,,,,,,,,,,,,,
,,,,,,,,,,,,,,,,,,
,,,,,,,,,,,,,,,,,,
,,,,,,,,,,,,,,,,,,
,,,,,,,,,,,,,,,,,,
,,,,,,,,,,,,,,,,,,
,,,,,,,,,,,,,,,,,,
,,,,,,,,,,,,,,,,,,
,,,,,,,,,,,,,,,,,,
,,,,,,,,,,,,,,,,,,
,,,,,,,,,,,,,,,,,,
,,,,,,,,,,,,,,,,,,
,,,,,,,,,,,,,,,,,,
,,,,,,,,,,,,,,,,,,
,,,,,,,,,,,,,,,,,,
,,,,,,,,,,,,,,,,,,
,,,,,,,,,,,,,,,,,,
,,,,,,,,,,,,,,,,,,
,,,,,,,,,,,,,,,,,,
,,,,,,,,,,,,,,,,,,
,,,,,,,,,,,,,,,,,,
,,,,,,,,,,,,,,,,,,
,,,,,,,,,,,,,,,,,,
,,,,,,,,,,,,,,,,,,
,,,,,,,,,,,,,,,,,,
,,,,,,,,,,,,,,,,,,
,,,,,,,,,,,,,,,,,,
,,,,,,,,,,,,,,,,,,
,,,,,,,,,,,,,,,,,,
,,,,,,,,,,,,,,,,,,
,,,,,,,,,,,,,,,,,,
,,,,,,,,,,,,,,,,,,
,,,,,,,,,,,,,,,,,,
,,,,,,,,,,,,,,,,,,
,,,,,,,,,,,,,,,,,,
,,,,,,,,,,,,,,,,,,
,,,,,,,,,,,,,,,,,,
,,,,,,,,,,,,,,,,,,
,,,,,,,,,,,,,,,,,,
,,,,,,,,,,,,,,,,,,
,,,,,,,,,,,,,,,,,,
,,,,,,,,,,,,,,,,,,
,,,,,,,,,,,,,,,,,,
,,,,,,,,,,,,,,,,,,
,,,,,,,,,,,,,,,,,,
,,,,,,,,,,,,,,,,,,
,,,,,,,,,,,,,,,,,,
,,,,,,,,,,,,,,,,,,
,,,,,,,,,,,,,,,,,,
,,,,,,,,,,,,,,,,,,
,,,,,,,,,,,,,,,,,,
,,,,,,,,,,,,,,,,,,
,,,,,,,,,,,,,,,,,,
,,,,,,,,,,,,,,,,,,
,,,,,,,,,,,,,,,,,,
,,,,,,,,,,,,,,,,,,
,,,,,,,,,,,,,,,,,,
,,,,,,,,,,,,,,,,,,
,,,,,,,,,,,,,,,,,,
,,,,,,,,,,,,,,,,,,
,,,,,,,,,,,,,,,,,,
,,,,,,,,,,,,,,,,,,
,,,,,,,,,,,,,,,,,,
,,,,,,,,,,,,,,,,,,
,,,,,,,,,,,,,,,,,,
,,,,,,,,,,,,,,,,,,
,,,,,,,,,,,,,,,,,,
,,,,,,,,,,,,,,,,,,
,,,,,,,,,,,,,,,,,,
,,,,,,,,,,,,,,,,,,
,,,,,,,,,,,,,,,,,,
,,,,,,,,,,,,,,,,,,
,,,,,,,,,,,,,,,,,,
,,,,,,,,,,,,,,,,,,
,,,,,,,,,,,,,,,,,,
,,,,,,,,,,,,,,,,,,
,,,,,,,,,,,,,,,,,,
,,,,,,,,,,,,,,,,,,
,,,,,,,,,,,,,,,,,,
,,,,,,,,,,,,,,,,,,
,,,,,,,,,,,,,,,,,,
,,,,,,,,,,,,,,,,,,
,,,,,,,,,,,,,,,,,,
,,,,,,,,,,,,,,,,,,
,,,,,,,,,,,,,,,,,,
,,,,,,,,,,,,,,,,,,
,,,,,,,,,,,,,,,,,,
,,,,,,,,,,,,,,,,,,
,,,,,,,,,,,,,,,,,,
,,,,,,,,,,,,,,,,,,
,,,,,,,,,,,,,,,,,,
,,,,,,,,,,,,,,,,,,
,,,,,,,,,,,,,,,,,,
,,,,,,,,,,,,,,,,,,
,,,,,,,,,,,,,,,,,,
,,,,,,,,,,,,,,,,,,
,,,,,,,,,,,,,,,,,,
,,,,,,,,,,,,,,,,,,
,,,,,,,,,,,,,,,,,,
,,,,,,,,,,,,,,,,,,
,,,,,,,,,,,,,,,,,,
,,,,,,,,,,,,,,,,,,
,,,,,,,,,,,,,,,,,,
,,,,,,,,,,,,,,,,,,
,,,,,,,,,,,,,,,,,,
,,,,,,,,,,,,,,,,,,
,,,,,,,,,,,,,,,,,,
,,,,,,,,,,,,,,,,,,
,,,,,,,,,,,,,,,,,,
,,,,,,,,,,,,,,,,,,
,,,,,,,,,,,,,,,,,,
,,,,,,,,,,,,,,,,,,
,,,,,,,,,,,,,,,,,,
,,,,,,,,,,,,,,,,,,
,,,,,,,,,,,,,,,,,,
,,,,,,,,,,,,,,,,,,
,,,,,,,,,,,,,,,,,,
,,,,,,,,,,,,,,,,,,
,,,,,,,,,,,,,,,,,,
,,,,,,,,,,,,,,,,,,
,,,,,,,,,,,,,,,,,,
,,,,,,,,,,,,,,,,,,
,,,,,,,,,,,,,,,,,,
,,,,,,,,,,,,,,,,,,
,,,,,,,,,,,,,,,,,,
,,,,,,,,,,,,,,,,,,
,,,,,,,,,,,,,,,,,,
,,,,,,,,,,,,,,,,,,
,,,,,,,,,,,,,,,,,,
,,,,,,,,,,,,,,,,,,
,,,,,,,,,,,,,,,,,,
,,,,,,,,,,,,,,,,,,
,,,,,,,,,,,,,,,,,,
,,,,,,,,,,,,,,,,,,
,,,,,,,,,,,,,,,,,,
